3063018	债务重组	楚昌投资
3075512	财务信息造假	辅仁药业
2999726	债务重组	中航三鑫
2878733	商业信息泄露	东航
2716184	实际控制人涉诉仲裁	中科云网科技集团股份有限公司
2923357	商业信息泄露	浙江核新同花顺网络信息股份有限公司
2974480	资金紧张	吉利汽车
2458636	财务信息造假	康美
2869834	业务资产重组	天风证券
2687209	财务信息造假	包钢股份
2782453	实际控制人涉诉仲裁	深圳市投资控股有限公司
2718094	业务资产重组	广州证券
2228754	实际控制人涉诉仲裁	天马轴承集团股份有限公司
2153356	股票转让-股权受让	金智信息
2183852	业务资产重组	财信金控集团
3038738	股票转让-股权受让	华邦健康
2427750	实际控制人变更	青岛港
2990108	债务违约	中融信托
2440777	债务违约	云南煤化
2214577	债务违约	同益实业
3122277	商业信息泄露	沈阳新松机器人自动化股份有限公司
2401535	履行连带担保责任	广西汇荣融资性担保有限公司
3124284	商业信息泄露	深圳家电网科技实业股份有限公司
3097318	债务重组	中民投
2746890	商业信息泄露	中信证券
2815034	债务违约	康得新
2508917	资金紧张	南京建工集团
2473154	实际控制人涉诉仲裁	交通银行股份有限公司齐齐哈尔分行
2252178	股票转让-股权受让	恒天集团
2360140	业务资产重组	百视通新媒体股份有限公司
3063018	债务重组	九州通
3095224	股票转让-股权受让	格物厚德股权投资（珠海）合伙企业（有限合伙）
2174493	债务重组	陕西坚瑞沃能股份有限公司
2850045	债务违约	重庆新兆投资
2157720	财务信息造假	康得新
2561357	股票转让-股权受让	中核资本
2283125	股票转让-股权受让	招商蛇口
2162845	商业信息泄露	csdn
2795613	商业信息泄露	facebook
2587682	债务违约	富源公司
2251562	股票转让-股权受让	宝能
2516046	履行连带担保责任	广州市佳源实业有限公司
3005150	债务重组	北方国际信托股份有限公司
2710637	资金紧张	康美药业
3089442	业务资产重组	广发银行
2778979	商业信息泄露	华夏银行股份有限公司
2920482	履行连带担保责任	金田实业（集团）股份有限公司
2150490	实际控制人涉诉仲裁	内内蒙古天首科技发展股份有限公司
2529252	债务重组	河南盛润控股集团有限公司
2808970	实际控制人变更	中江信托
2865805	业务资产重组	中信证券
3122723	股票转让-股权受让	绿京华
2669753	实际控制人涉诉仲裁	焦作万方铝业股份有限公司
2183852	业务资产重组	唐人神集团
2349694	实际控制人变更	武汉中商集团股份有限公司
2531597	债务违约	青海盐湖工业股份有限公司
2811662	股票转让-股权受让	国泰君安创新投资有限公司
2636191	履行连带担保责任	凯瑞德控股股份有限公司
2607329	履行连带担保责任	美锦公司
2664517	资金紧张	青年莲花
3055082	实际控制人涉诉仲裁	上海富控互动娱乐股份有限公司
2808642	实际控制人变更	山东鲁北化工股份有限公司
3142853	实际控制人涉诉仲裁	辽宁科隆精细化工股份有限公司
2221075	股票转让-股权受让	阿里
2698600	财务信息造假	*ST百特
2516490	履行连带担保责任	吉林粮食集团有限公司
3137900	商业信息泄露	优衣库
2169000	债务重组	西安大唐
2547085	股票转让-股权受让	金舵投资
2367956	股票转让-股权受让	中船科技
2920201	实际控制人变更	嘉联支付有限公司
3067963	财务信息造假	康美
2599570	业务资产重组	大兴安岭农垦
2894870	实际控制人变更	深圳市摩艾客科技股份有限公司
3017180	债务重组	大富配天投资
3066833	财务信息造假	康美
2982752	业务资产重组	广州证券
2541072	履行连带担保责任	巴士在线股份有限公司
2818912	债务违约	安信信托
2681836	股票转让-股权受让	蒙牛乳业
2649265	债务重组	山西安泰集团股份有限公司
2182919	实际控制人涉诉仲裁	上海岩石企业发展股份有限公司
3015696	履行连带担保责任	中国泛海
2272408	财务信息造假	康美药业
2190118	业务资产重组	宝通科技
2431506	股票转让-股权受让	东方日升
2952966	商业信息泄露	浙江吉利汽车研究院有限公司
2707979	债务违约	北讯集团
2365185	债务违约	秋林集团
2743285	债务违约	博源控股
2499219	资金紧张	东旭光电
2625283	财务信息造假	龙薇传媒
2250988	实际控制人涉诉仲裁	华塑控股股份有限公司
2976923	履行连带担保责任	上海竹园国际旅行社有限公司
2201862	商业信息泄露	民生银行
2323079	债务违约	长乐亚新污水处理有限公司
2584581	债务重组	大富配天投资
2264723	业务资产重组	越秀金控
2395779	债务重组	中国铁物
2855969	业务资产重组	博创科技
2250586	履行连带担保责任	连云港市镧溪新材料有限公司
2543550	实际控制人涉诉仲裁	深圳市大富科技股份有限公司
2761901	业务资产重组	江南嘉捷电梯股份有限公司
2390632	债务重组	理想宝公司
2752707	商业信息泄露	招商银行股份有限公司
2313423	实际控制人变更	乐视网信息技术(北京)股份有限公司
2280321	财务信息造假	康美药业
2887110	股票转让-股权受让	平安
3106806	股票转让-股权受让	万达集团
2450192	商业信息泄露	facebook
2848556	财务信息造假	康得新
2275962	实际控制人变更	国海证券
2542484	业务资产重组	飞乐音响
2900063	股票转让-股权受让	阿里巴巴
2419658	商业信息泄露	广州金谷影视投资有限公司
2514045	实际控制人变更	冠昊生物科技股份有限公司
2652454	实际控制人变更	江南嘉捷电梯股份有限公司
2877977	资金紧张	银亿股份
2641839	财务信息造假	康美药业
2207016	债务违约	山东龙力生物科技股份有限公司
2715127	财务信息造假	康得新
3127016	实际控制人涉诉仲裁	凯瑞德控股股份有限公司
2262206	业务资产重组	Uber
3069215	债务违约	中国城市建设控股集团有限公司
2752444	实际控制人变更	国民技术股份有限公司
2986654	股票转让-股权受让	金港控股
2786146	业务资产重组	福特
2237608	债务重组	广东粤海公司
2182430	债务违约	国民投资
3123319	股票转让-股权受让	山东黄金
2260869	履行连带担保责任	宁波市镇海银亿股份有限公司开发有限公司
2272697	商业信息泄露	吉利
2647605	商业信息泄露	浙江吉利控股有限公司
2603239	财务信息造假	康美药业
2350900	债务违约	博源集团
2933411	履行连带担保责任	泛海控股
2668546	股票转让-股权受让	北京威卡威汽车零部件股份有限公司
2775373	债务违约	华讯方舟股份有限公司
2162279	债务违约	苏州银行
2480403	实际控制人涉诉仲裁	北京首商集团股份有限公司
3097318	债务重组	长城资产
2157720	财务信息造假	康美药业
2377716	业务资产重组	广东风华高新科技股份有限公司
2629979	债务重组	北京能源集团
2911587	履行连带担保责任	广西汇荣融资性担保有限公司
2560702	实际控制人变更	圆通速递股份有限公司
3014146	业务资产重组	国电南瑞科技股份有限公司
2172382	财务信息造假	康美药业
2573851	财务信息造假	康美
2481494	债务违约	云南省国有资本运营有限公司
2413519	财务信息造假	三菱公司
3042505	资金紧张	万达
2575558	业务资产重组	能投集团
2938385	业务资产重组	德奥通用航空股份有限公司
2306938	业务资产重组	中海发展
2438235	实际控制人变更	上海中毅达股份有限公司
2390817	债务违约	中信国安
2555159	履行连带担保责任	安徽强英鸭业集团有限公司
2795591	实际控制人变更	六国化工
2466578	股票转让-股权受让	双环传动
2197400	履行连带担保责任	正典公司
2957192	债务重组	ST安泰
2805650	商业信息泄露	上海中兴易联通讯股份有限公司
2576555	债务违约	洛娃集团
2543842	实际控制人变更	广东先强药业有限公司
3055151	股票转让-股权受让	会稽山
2786146	业务资产重组	通用电气
2630198	股票转让-股权受让	通用
2244331	债务重组	西安大唐
2900306	资金紧张	FaradayFuture
2337818	履行连带担保责任	运盛（上海）医疗科技股份有限公司
2846954	实际控制人涉诉仲裁	英达钢构
3033017	财务信息造假	ST康德
2950263	财务信息造假	金亚科技
2724061	业务资产重组	长川科技
3045496	实际控制人变更	宁波中百股份有限公司
3084676	实际控制人变更	跨境通宝电子商务股份有限公司
2771267	债务重组	中国信达
2726681	实际控制人变更	国海证券
2684075	债务重组	泛海控股
2607329	履行连带担保责任	上海海博鑫惠国际贸易有限公司公司
3145375	实际控制人变更	惠博普
3075512	财务信息造假	康美药业
2418969	实际控制人变更	嘉联支付
2607407	履行连带担保责任	云南银丰融资担保有限公司
2837772	商业信息泄露	中国人寿
2527248	债务违约	康得投资集团有限公司
2178426	业务资产重组	Yalla
2515518	债务重组	甘肃银行
2525873	实际控制人变更	通化金马
2710326	债务重组	银亿股份有限公司
2942056	股票转让-股权受让	红豆集团
2920201	实际控制人变更	嘉联支付
2561631	债务违约	菊隆高科公司
2977978	实际控制人变更	昆仑信托有限责任公司
3080542	债务违约	华宝信托
2513128	资金紧张	天翔环境
3115511	商业信息泄露	facebook
3014370	股票转让-股权受让	深投控股
2363603	债务重组	中弘股份
2150899	实际控制人变更	易见供应链管理股份有限公司
3023350	业务资产重组	易成新能
2623216	履行连带担保责任	山东润成汽车销售融资担保有限公司
2396793	债务重组	中民投
2723778	商业信息泄露	中信银行
2848298	债务违约	中江信托
2736030	股票转让-股权受让	牡丹江国富投资中心(有限合伙)
2356265	财务信息造假	ST康美
2178519	股票转让-股权受让	无锡金科
2674987	债务重组	重庆思亚医药
2769048	履行连带担保责任	宁夏隆湖房地产开发集团有限公司
2985159	业务资产重组	恒大地产
2316085	债务违约	丹东银行
2526095	债务违约	北方国际信托
2745786	业务资产重组	中南文化
2459919	实际控制人涉诉仲裁	泰德建实业公司
2767958	履行连带担保责任	中汽华源公司
3092761	股票转让-股权受让	江苏传艺科技股份有限公司
2831498	履行连带担保责任	广东盛兆信用担保有限公司
2851728	债务违约	陕西坚瑞沃能股份有限公司
2498951	股票转让-股权受让	物美
2179951	实际控制人涉诉仲裁	海融天
2432829	商业信息泄露	华为
2609928	股票转让-股权受让	苹果公司
2375716	债务违约	厦门市住房置业担保有限公司
2156719	资金紧张	华夏幸福
2482124	实际控制人涉诉仲裁	韩国三星电子
2856878	债务违约	华锐风电
2787007	履行连带担保责任	泛海控股
2868064	债务违约	安信信托
2831692	股票转让-股权受让	深圳市聚贤投资有限公司
2802712	实际控制人变更	郑州兆佳科技
2496097	实际控制人变更	日照港
3043788	债务重组	中国长城资产
2348088	债务重组	吉林华微电子股份有限公司
2791447	债务重组	西安大唐
2345487	实际控制人变更	四川宏达股份有限公司
2865805	业务资产重组	广州证券
2510061	商业信息泄露	美国催化蒸馏技术公司
3025108	业务资产重组	武钢
3005150	债务重组	北方信托
2427750	实际控制人变更	日照港
2881319	业务资产重组	邮政集团公司
2192495	资金紧张	安顺国资
3027222	股票转让-股权受让	山东黄金
2695374	资金紧张	金立
3099647	财务信息造假	花旗集团
2204242	履行连带担保责任	安徽国风塑业股份有限公司
2155840	业务资产重组	恒丰银行
2154926	业务资产重组	蓝瀚（上海）科技有限公司
2396793	债务重组	长城资产
2815939	商业信息泄露	facebook
2680328	资金紧张	金洲慈航
2437454	债务重组	山西宏安焦化科技有限公司
2527060	债务违约	中江信托
2674434	资金紧张	暴风智能
2191276	履行连带担保责任	中国民生银行股份有限公司汕头市分行
2528252	业务资产重组	TCL集团
2557950	债务重组	西安大唐
2308266	商业信息泄露	脸书
2744664	资金紧张	包商银行
2682338	商业信息泄露	智联招聘
2391155	股票转让-股权受让	安进
2363918	实际控制人涉诉仲裁	西王食品股份有限公司
2989433	实际控制人变更	跨境通宝电子商务股份有限公司
2715042	资金紧张	海马
2745339	债务重组	华锐风电科技(集团)股份有限公司
2963702	商业信息泄露	广东澄星无人机股份有限公司
2746497	债务违约	江阴银行
3091797	商业信息泄露	中信证券
2248376	商业信息泄露	facebook
2363603	债务重组	港桥投资
2463458	股票转让-股权受让	天风证券
2183827	债务重组	信达投资
2471036	股票转让-股权受让	工银投资
3132105	商业信息泄露	北京泰迪熊移动科技有限公司
2264672	财务信息造假	康美药业
2889521	业务资产重组	中信国安
2791123	实际控制人涉诉仲裁	亿阳信通股份有限公司
2398952	履行连带担保责任	江苏昆山通用电气有限公司
2926842	实际控制人变更	抚顺特殊钢股份有限公司
2538732	债务违约	洛娃集团
2966708	资金紧张	庞大集团
2919721	业务资产重组	西南证券股份有限公司
2908336	债务违约	盐湖股份
2388865	商业信息泄露	浙江吉利控股集团
2847999	财务信息造假	康德
3057034	资金紧张	ofo
3133535	资金紧张	正邦科技
2714751	债务重组	信达资产
2563133	股票转让-股权受让	中华企业
3056454	资金紧张	广州中茂园林建设工程有限公司
2586846	实际控制人变更	同方友友
2501874	实际控制人变更	苏州正悦投资管理有限公司
2467398	履行连带担保责任	北京顺达创业投资担保有限公司
2818996	财务信息造假	康得新
3137600	实际控制人涉诉仲裁	南京中央商场（集团）股份有限公司
2587682	履行连带担保责任	吉林成城集团股份有限公司
2182294	实际控制人变更	哈药集团股份有限公司
2942173	业务资产重组	海航集团
2620017	债务违约	永泰能源
3049071	财务信息造假	莱商银行
2873316	业务资产重组	上海至纯洁净系统科技股份有限公司
2183388	业务资产重组	万达信息
2491921	债务重组	中国铁物
2216177	业务资产重组	武汉中商集团股份有限公司
2753325	业务资产重组	三联集团
2756207	股票转让-股权受让	西南投资
2600167	实际控制人涉诉仲裁	铜陵精达特种电磁线股份有限公司
2882974	商业信息泄露	上海安威士科技股份有限公司
2759332	实际控制人涉诉仲裁	盛达矿业股份有限公司
2948136	债务违约	中泰信托
2778556	商业信息泄露	天涯社区
2512897	债务重组	永泰能源
2446282	债务重组	长城资产
2310480	债务违约	青年汽车集团
2440349	债务重组	西安大唐
3041951	股票转让-股权受让	华创阳安股份有限公司
2182665	履行连带担保责任	浙江一景乳业股份有限公司
2814945	股票转让-股权受让	招商证券
2529019	商业信息泄露	宁波杉杉股份有限公司
2733777	履行连带担保责任	福建三木集团股份有限公司
3091600	实际控制人涉诉仲裁	中国煤炭科工集团
2834280	债务重组	黄河化工
2508917	资金紧张	南京东部路桥工程
2759332	实际控制人涉诉仲裁	亿阳集团
2496717	履行连带担保责任	中国寰岛（集团）公司
3049692	业务资产重组	RIVIAN
2217739	资金紧张	Faraday Future
2457503	资金紧张	暴风集团
2311044	资金紧张	众泰汽车
2815552	资金紧张	飞马国际
2605647	履行连带担保责任	湖北东方金钰股份有限公司
2970599	业务资产重组	广州证券
2814453	实际控制人变更	摩根士丹利华鑫证券有限责任公司
2527141	债务违约	兴业矿业
2779151	业务资产重组	深圳市兆新能源股份有限公司
2191276	履行连带担保责任	中国民生银行股份有限公司汕头分行
2897124	财务信息造假	ST康美
3113761	实际控制人涉诉仲裁	徐州科融环境资源股份有限公司
2466550	债务重组	山西交控集团
2465962	业务资产重组	Uber
2542484	股票转让-股权受让	亿利洁能
2797456	债务违约	东方红资管
2865805	股票转让-股权受让	中信证券
2496717	履行连带担保责任	天津燕宇置业有限公司
2426827	实际控制人涉诉仲裁	安徽天智信息科技集团股份有限公司
2740831	债务重组	招商证券
2735843	财务信息造假	康美
2262062	商业信息泄露	高德软件有限公司
2483355	实际控制人涉诉仲裁	西藏银河科技发展股份有限公司
2715127	财务信息造假	康美药业
2484465	实际控制人涉诉仲裁	广州白云山医药集团股份有限公司
2420093	履行连带担保责任	海国投实业股份有限公司
3022519	债务重组	*ST华业
3003794	商业信息泄露	中远海
2347758	债务违约	福建众和股份有限公司
2890296	债务违约	大唐发电
2874708	履行连带担保责任	远见公司
2369047	财务信息造假	东芝
2703293	债务重组	山东能源集团
2578520	资金紧张	佛山实现梦想科技有限公司
2849535	资金紧张	精功
2681116	股票转让-股权受让	兔宝宝
2886601	商业信息泄露	江苏索普化工股份有限公司
2974154	业务资产重组	中粮地产
2216958	资金紧张	摩拜
2916322	实际控制人变更	青岛港
2821876	股票转让-股权受让	武安市热力总公司
2895292	财务信息造假	康得新
2190228	债务违约	陕西坚瑞沃能股份有限公司
2680119	业务资产重组	中国航空工业第二集团
2234902	履行连带担保责任	智慧海派
2519044	债务违约	陕西坚瑞沃能股份有限公司
2827698	实际控制人涉诉仲裁	高升控股股份有限公司
2674434	资金紧张	暴风集团
2471036	股票转让-股权受让	中国长城资产
2981692	资金紧张	天翔环境
2224904	资金紧张	绿城
2781379	债务违约	东方金钰
2276578	实际控制人涉诉仲裁	华平信息技术股份有限公司
2773781	资金紧张	金立
2201862	商业信息泄露	工商银行
2236504	履行连带担保责任	海航旅游集团有限公司
3101245	股票转让-股权受让	朝汇鑫
2417860	债务重组	英利
2852518	债务重组	中豪集团
2653722	股票转让-股权受让	暴风
2994595	财务信息造假	*ST康美
2645900	实际控制人涉诉仲裁	奥瑞德光电股份有限公司
2836220	业务资产重组	巨人网络
2873776	债务违约	浙江尤夫高新纤维股份有限公司
2741453	财务信息造假	五洋建设
2551186	实际控制人变更	Lazada
3043788	债务重组	中国铁物
2653681	债务违约	博源控股
2557104	实际控制人变更	江苏连云港港口股份有限公司
2514772	资金紧张	山西飞宇
2442900	实际控制人变更	江苏蓝创智能科技股份有限公司
2414176	股票转让-股权受让	万科
2201934	业务资产重组	中钢
2206002	业务资产重组	绿地控股集团股份有限公司
2307870	债务违约	钱包金融
2830923	实际控制人变更	北京华录百纳影视股份有限公司
2173807	实际控制人涉诉仲裁	深圳墨麟科技股份有限公司
2231624	业务资产重组	恒大地产
2690007	财务信息造假	风华高科
2514772	资金紧张	海铝业
2547367	业务资产重组	广州证券
3098396	实际控制人涉诉仲裁	浙江东晶电子股份有限公司
2960989	实际控制人变更	麦德龙中国
2258503	财务信息造假	康美药业
2553494	商业信息泄露	华夏银行股份有限公司
2585648	商业信息泄露	万豪酒店
2837994	债务违约	东北证券
3008074	财务信息造假	康美药业
2630914	履行连带担保责任	步森股份
2445639	履行连带担保责任	深圳粤海实业投资发展有限公司
2510907	股票转让-股权受让	华棉网科技
2945371	实际控制人涉诉仲裁	大连金泰表面工程科技股份有限公司
2391519	实际控制人涉诉仲裁	安徽盛运环保（集团）股份有限公司
2633307	资金紧张	ofo
2571087	商业信息泄露	脸书
2218637	资金紧张	中利集团
2234902	债务违约	禾声科技
2497882	债务违约	深圳市艾比森光电股份有限公司
2449964	债务重组	大唐煤化工
3034106	债务重组	中航三鑫
2167953	实际控制人涉诉仲裁	印纪娱乐传媒股份有限公司
2422699	股票转让-股权受让	广州国资科学城（广州）投资集团有限公司
2601487	股票转让-股权受让	南华生物医药股份有限公司
3015068	财务信息造假	科龙
2638836	债务违约	华业资本
2461521	债务重组	北京能源集团
2952966	商业信息泄露	浙江吉利控股集团有限公司
3112254	业务资产重组	安徽广源科技发展有限公司
2224727	实际控制人变更	中天金融集团股份有限公司
2914623	股票转让-股权受让	万达
3112201	股票转让-股权受让	中如建工集团
2696429	财务信息造假	康美
2663922	债务违约	中泰证券
2601487	实际控制人变更	南华爱世普林生物技术有限公司
3113960	资金紧张	宝塔实业
3098058	商业信息泄露	郑州宇通客车股份有限公司
3095660	商业信息泄露	上海安威士科技股份有限公司
3141765	股票转让-股权受让	武汉当代明诚文化股份有限公司
2894841	财务信息造假	康美
2916322	实际控制人变更	日照港
2407929	实际控制人变更	ST莲花
2768727	资金紧张	乐视
3101245	实际控制人变更	东方园林
3000484	股票转让-股权受让	三井制糖株式会社
2343454	资金紧张	德国德司达公司
2333328	业务资产重组	中国三峡集团
2771267	债务重组	俊发集团
2531800	债务重组	新光控股
2842867	财务信息造假	启迪桑德
2363438	商业信息泄露	Uber
2782453	实际控制人涉诉仲裁	深圳市物业发展（集团）股份有限公司
2470359	资金紧张	庞大集团
2570265	履行连带担保责任	天易隆兴
2791117	实际控制人涉诉仲裁	st安徽白兔湖动力股份有限公司
2328487	债务重组	陕西坚瑞沃能股份有限公司
2429820	履行连带担保责任	湖南千山制药机械股份有限公司
2574194	业务资产重组	中信证券
2524594	实际控制人涉诉仲裁	恒康医疗集团股份有限公司
2802438	实际控制人涉诉仲裁	厦门易名科技股份有限公司
3055907	资金紧张	庞大集团
3141921	实际控制人变更	方正东亚信托有限责任公司
2511680	业务资产重组	延安必康
2842914	实际控制人变更	安徽华信国际控股股份有限公司
3123451	财务信息造假	康美药业
3099555	股票转让-股权受让	丰田汽车
2535275	资金紧张	ofo
2683703	商业信息泄露	四川天府银行股份有限公司
2497827	财务信息造假	北京新娱
2473797	资金紧张	成都豪能科技股份有限公司
2298572	股票转让-股权受让	乐视汽车
2574221	商业信息泄露	吉利
2260513	业务资产重组	广州证券
2319313	实际控制人变更	摩根士丹利华鑫证券有限责任公司
2778556	商业信息泄露	人人网
2794732	实际控制人涉诉仲裁	北京腾信创新网络营销技术股份有限公司
2219631	资金紧张	乐视
3112681	财务信息造假	康美药业
2410823	财务信息造假	年富供应链
2263350	业务资产重组	汇金科技
2718094	业务资产重组	中信证券
2634433	资金紧张	GW 科技
2630368	财务信息造假	康得新
2900063	股票转让-股权受让	上海麒钧
2603315	债务违约	铁牛集团
2540443	股票转让-股权受让	博创科技股份有限公司
3029737	债务违约	中城建
3076707	股票转让-股权受让	潞安环能
2612736	商业信息泄露	truemove h
2556250	业务资产重组	航天动力
2419853	实际控制人涉诉仲裁	天津滨海能源发展股份有限公司
2823349	商业信息泄露	Facebook
3112371	债务违约	中泰信托
2884981	债务违约	中信国安
3146069	商业信息泄露	浙江吉利控股集团
2714332	实际控制人变更	嘉事堂药业股份有限公司
2763414	资金紧张	庞大集团
2470200	财务信息造假	康得新
2252178	股票转让-股权受让	经纬纺织机械股份有限公司
2853075	债务重组	重庆思亚医药
2685548	实际控制人涉诉仲裁	龙薇传媒
3099825	业务资产重组	冠昊生物科技股份有限公司
2169682	股票转让-股权受让	成飞集成
2976923	履行连带担保责任	上海竹园国际旅行社
2399383	商业信息泄露	中国工商银行股份有限公司
2317782	履行连带担保责任	海南瑞泽新型建材股份有限公司
2992515	商业信息泄露	东软集团
2717651	股票转让-股权受让	阿里
2283364	债务违约	中弘股份
2269648	商业信息泄露	万豪国际
2935880	业务资产重组	中信泰富
2411913	债务违约	广源麻业
2944907	债务重组	中信集团
2926910	股票转让-股权受让	长安信托
2811194	业务资产重组	亚夏汽车
2256720	实际控制人变更	摩根士丹利华鑫证券有限责任公司
2148028	履行连带担保责任	广州市财京融资担保有限公司
2367436	实际控制人变更	摩根士丹利华鑫证券有限责任公司
2473863	股票转让-股权受让	安邦集团
2814945	股票转让-股权受让	招商银行
2350585	业务资产重组	重庆三峡水利电力（集团）股份有限公司
2974480	资金紧张	国威科技
2822492	业务资产重组	Cruise
2206173	财务信息造假	康美药业
2688588	股票转让-股权受让	中央汇金
2965099	业务资产重组	中国动力
2601297	履行连带担保责任	广东创富融资担保有限公司
2695605	债务违约	东海证券
2445913	资金紧张	泰禾集团
2178426	业务资产重组	Ola
2602475	债务违约	河北兴邦车业股份有限公司
2982752	业务资产重组	中信证券
2345614	业务资产重组	中闽能源
3095224	股票转让-股权受让	珠海明骏投资合伙企业（有限合伙）
2486046	实际控制人涉诉仲裁	神雾集团
3035581	债务重组	海南中航特玻
3029092	实际控制人变更	深圳市宇顺电子股份有限公司
3033742	实际控制人涉诉仲裁	河北养元智汇饮品股份有限公司
2537046	债务违约	信威集团
2407929	股票转让-股权受让	睿康投资
2617445	债务重组	永泰能源
2508839	履行连带担保责任	湖南水总水电建设集团有限公司
2841574	履行连带担保责任	云南金源融资担保有限公司
2982191	股票转让-股权受让	江特电机
3008946	实际控制人变更	金鹰基金管理有限公司
2538732	债务违约	金信基金
2922811	债务重组	华业资本
3016413	业务资产重组	恒大地产
2337138	股票转让-股权受让	绿城
2501655	实际控制人变更	北京华录百纳影视股份有限公司
2568299	商业信息泄露	去哪儿网
3098656	实际控制人变更	恒生电子股份有限公司
2599570	业务资产重组	海拉尔农垦
2791612	实际控制人涉诉仲裁	山东鸿源金属容器科技股份有限公司
2677328	履行连带担保责任	东莞勤上公司
2631077	债务违约	华业资本
2459473	履行连带担保责任	广厦控股
2529630	财务信息造假	新大众高
2190914	实际控制人涉诉仲裁	丹东欣泰电气股份有限公司
2344507	资金紧张	坚瑞沃能
2757212	履行连带担保责任	广汇汽车服务股份公司
2311044	资金紧张	猎豹汽车
2797635	债务重组	天津市房地产发展（集团）股份有限公司
2772578	债务违约	中弘股份
2872459	股票转让-股权受让	武汉商联集团
2250833	债务重组	海南中航特玻
2372294	财务信息造假	康美药业
2705354	商业信息泄露	特斯拉
2477263	股票转让-股权受让	光明地产
2419396	财务信息造假	康美药业
2370030	资金紧张	包商银行
3087291	履行连带担保责任	中国华源集团有限公司
2787659	债务违约	上海国际信托有限公司
2796644	资金紧张	韦博英语教育培训公司
2347067	股票转让-股权受让	洋河股份
2729855	股票转让-股权受让	内蒙君正
2859216	业务资产重组	中信证券
2157230	资金紧张	乐视
2271162	商业信息泄露	唐山港集团股份有限公司
2163014	债务重组	中信国安集团
2839833	股票转让-股权受让	美银宝信息技术（上海）有限公司
2352422	债务违约	乐视网信息技术(北京)股份有限公司
2976143	实际控制人变更	联赛金鹰基金
2681232	财务信息造假	奥林巴斯
2419551	履行连带担保责任	武汉中商集团股份有限公司
2857342	资金紧张	青岛红树林
2307242	股票转让-股权受让	英唐智控
2310480	债务违约	青年汽车集团有限公司
2622278	股票转让-股权受让	中策
2320120	实际控制人变更	浙江金洲管道科技股份有限公司
2295741	履行连带担保责任	重庆茂余燃气设备股份有限公司
3021852	股票转让-股权受让	南京港
2712936	股票转让-股权受让	复地投资
2994720	财务信息造假	康美药业
2334387	资金紧张	华龙包装
3132760	实际控制人涉诉仲裁	中科云网科技集团股份有限公司
2606371	业务资产重组	达内时代科技集团
2630368	财务信息造假	康得集团
3050013	债务违约	安信信托
2824957	业务资产重组	先正达
2408526	债务重组	北方信托
2336630	履行连带担保责任	龙薇传媒
2542484	股票转让-股权受让	敦煌种业
2981650	实际控制人涉诉仲裁	丹东欣泰电气股份有限公司
2412100	实际控制人涉诉仲裁	中科云网科技集团股份有限公司
2648291	业务资产重组	京东
2641372	实际控制人涉诉仲裁	国盛金控
2722934	财务信息造假	康美药业
2169682	实际控制人变更	锂电科技
2598241	商业信息泄露	浙江吉利汽车研究院有限公司
2455871	股票转让-股权受让	贵州天宸不动产投资管理有限公司
2575552	实际控制人变更	安徽盛运环保(集团)股份有限公司
2272474	财务信息造假	康美药业
2316195	实际控制人变更	浙江仁智股份有限公司
2342403	实际控制人涉诉仲裁	河南科迪乳业股份有限公司
2846176	实际控制人涉诉仲裁	中核华原钛白股份有限公司
2598241	商业信息泄露	浙江吉利控股集团有限公司
3137151	业务资产重组	苏宁
3077664	债务违约	包商银行股份有限公司
2995712	商业信息泄露	深圳家电网科技实业股份有限公司
2752707	商业信息泄露	中国工商银行股份有限公司
2608305	债务违约	中弘控股股份有限公司
2390515	债务重组	中民投
2471036	股票转让-股权受让	信达投资
3071447	债务重组	大唐煤化工
2177431	业务资产重组	苏州泰嘉电子股份有限公司
2388865	商业信息泄露	浙江吉利汽车研究院有限公司
2359559	资金紧张	ST海马
3109636	债务违约	绿地控股
2980784	实际控制人变更	江阴农商行
2347758	债务重组	福建众和股份有限公司
2816217	商业信息泄露	facebook
2339385	财务信息造假	康美药业
3078219	业务资产重组	申通
2609852	债务重组	长城资产
2480403	实际控制人涉诉仲裁	首旅集团
3126234	实际控制人变更	河北承德露露股份有限公司
2587033	财务信息造假	康美药业
2630693	业务资产重组	重庆钢铁
2517528	商业信息泄露	四川宏达股份有限公司
2435426	债务违约	天翔环境
2470941	商业信息泄露	智联招聘
2673912	资金紧张	ofo
2390515	债务重组	长城资产
2674987	债务重组	*ST华业
2464777	实际控制人涉诉仲裁	天海防务
2551186	股票转让-股权受让	阿里
2286036	业务资产重组	北京诚益通控制工程科技股份有限公司
2514772	资金紧张	海丰铝业
2360176	股票转让-股权受让	北汽集团
2956019	履行连带担保责任	万鸿集团股份有限公司
2361129	实际控制人涉诉仲裁	徐州科融环境资源股份有限公司
2979930	商业信息泄露	富士康
2645027	实际控制人涉诉仲裁	暴风集团股份有限公司
2776237	实际控制人涉诉仲裁	大连电瓷集团股份有限公司
2929325	实际控制人变更	百花村
3006595	实际控制人涉诉仲裁	江苏宏达新材料股份有限公司
3076512	财务信息造假	康得新
2332933	财务信息造假	康美药业
3143432	实际控制人涉诉仲裁	成都米米乐电子商务股份有限公司
2285529	资金紧张	拜腾
2900063	股票转让-股权受让	杭州信投
2874708	债务违约	恒安公司
2463118	资金紧张	中弘股份
2225255	资金紧张	乐视
2744155	债务重组	英利
3004993	股票转让-股权受让	深大通
2637039	资金紧张	精功系
2352147	实际控制人变更	华泰珠宝发展(上海)股份有限公司
2507155	商业信息泄露	truemove
2257221	债务重组	广东粤海公司
3066833	财务信息造假	康得新
2278135	财务信息造假	丹东欣泰电气股份有限公司
2843254	财务信息造假	国药控股
2298572	股票转让-股权受让	乐视
3066738	财务信息造假	康美药业
2786146	业务资产重组	西屋
3082517	债务违约	安徽盛运环保（集团）股份有限公司
2244403	股票转让-股权受让	通用
2921922	资金紧张	金立
2539469	债务违约	网信证券
2281949	业务资产重组	中原特钢股份有限公司
2888689	实际控制人涉诉仲裁	四川宏达股份有限公司
2303109	实际控制人变更	河南曙光汇知康生物科技股份有限公司
3086521	履行连带担保责任	大唐发电
2720045	财务信息造假	五洋建设
2717154	商业信息泄露	广东自动化电气股份有限公司
2398182	财务信息造假	康美
2938887	股票转让-股权受让	怡园酒业
2658021	业务资产重组	浙富控股
2174877	业务资产重组	中信证券
2973940	债务违约	湖南千山制药机械股份有限公司
2547650	实际控制人变更	瑞银证券
2870491	商业信息泄露	吉利汽车
2956092	股票转让-股权受让	江苏省国际信托有限责任公司
2448479	履行连带担保责任	康得新
2499269	商业信息泄露	Facebook
2473797	资金紧张	重庆豪能兴富同步器有限公司
2174792	股票转让-股权受让	京粮控股
2762016	债务违约	汉能控股集团
2496657	实际控制人变更	太原狮头水泥股份有限公司
2739239	债务重组	大富配天投资
3099647	财务信息造假	摩根大通
2663357	实际控制人涉诉仲裁	中科云网科技集团股份有限公司
2414176	业务资产重组	万科
2568299	商业信息泄露	东航
2272451	商业信息泄露	鹤壁市反光材料有限公司
2474987	实际控制人变更	南京金蛋科技股份有限公司
2146933	业务资产重组	海南航空控股股份有限公司
2344507	债务违约	坚瑞沃能
2535733	股票转让-股权受让	四川众明共创企业管理咨询有限公司
3078107	资金紧张	中纬
2590695	业务资产重组	中信证券
2575558	业务资产重组	川化股份
3095224	股票转让-股权受让	GENESISFINANCIALINVESTMENTCOMPANYLIMITED
2273694	资金紧张	OFO
2908298	业务资产重组	锦天化
2815993	财务信息造假	通用电气
2185451	实际控制人涉诉仲裁	中国证券登记结算有限责任公司深圳分公司
2561357	实际控制人变更	同方股份
2386110	业务资产重组	恒大地产
2746076	商业信息泄露	货车帮
3045274	业务资产重组	金鸿控股集团股份有限公司
3092862	履行连带担保责任	重庆茂余燃气设备股份有限公司公司
2184357	债务重组	中钢集团
2219961	股票转让-股权受让	南京新百
2794381	商业信息泄露	安泰科技股份有限公司
2529651	财务信息造假	康美药业
2832215	履行连带担保责任	贵州乾宝通汇融资担保股份有限公司
2745253	商业信息泄露	中信证券
2938711	债务违约	天翔环境
2557104	实际控制人变更	连云港港口集团有限公司
2474059	实际控制人变更	润达医疗
2900306	资金紧张	FF
2548568	股票转让-股权受让	江苏润邦重工股份有限公司
2379945	债务重组	浙江天禄能源有限公司
3075512	财务信息造假	康得新
3002603	实际控制人涉诉仲裁	环能科技股份有限公司
3117807	商业信息泄露	高德软件有限公司
2574194	业务资产重组	广州证券股份有限公司
2146779	财务信息造假	福佑卡车
3012662	业务资产重组	广州证券
2223957	财务信息造假	辅仁药业
2890968	财务信息造假	圣莱达
2504146	实际控制人涉诉仲裁	甘肃皇台酒业股份有限公司
2530068	业务资产重组	皇氏集团股份有限公司
2796040	资金紧张	庞大集团
2738848	业务资产重组	我爱我家
2268345	履行连带担保责任	宁夏华泽房地产开发有限公司
2578974	股票转让-股权受让	木林森
2597949	商业信息泄露	京东
2498951	实际控制人变更	麦德龙中国
2516634	履行连带担保责任	航天通信
2471622	实际控制人涉诉仲裁	新光控股
2547850	实际控制人涉诉仲裁	斯太尔动力股份有限公司
2819420	财务信息造假	康得新
2795500	实际控制人变更	辽宁曙光汽车集团股份有限公司
2959252	债务重组	国元证券
2517554	债务违约	山东龙力生物科技股份有限公司
3141921	股票转让-股权受让	武汉金融控股集团
2413519	财务信息造假	三菱汽车公司
2367559	资金紧张	乐视
2867078	资金紧张	包商银行
2311044	资金紧张	华泰汽车
2174877	业务资产重组	广州证券
2773319	股票转让-股权受让	九洲药业
2786146	业务资产重组	IBM
2412433	实际控制人涉诉仲裁	中科云网科技集团股份有限公司
2449524	债务违约	深圳美丽生态股份有限公司
2146341	实际控制人涉诉仲裁	北京蓝天瑞德环保技术股份有限公司
2310219	实际控制人涉诉仲裁	凯瑞德控股股份有限公司
2229933	债务违约	凯迪生态
2544670	债务重组	永泰能源股份有限公司
2490339	履行连带担保责任	湖北金大昌中小企业融资担保有限公司
2382411	实际控制人变更	华平信息技术股份有限公司
2420172	业务资产重组	恒大地产
2804470	履行连带担保责任	中新能化
2424005	实际控制人涉诉仲裁	深圳大通实业股份有限公司
2362643	债务重组	永泰能源
2223563	实际控制人变更	江苏通达动力科技股份有限公司
2639879	实际控制人涉诉仲裁	山西澳坤生物农业股份有限公司
2827231	财务信息造假	日本东丽
3047120	履行连带担保责任	广州证券
2723816	商业信息泄露	facebook
2207513	实际控制人变更	四川大西洋焊接材料股份有限公司
2683570	业务资产重组	广州证券
3111883	实际控制人涉诉仲裁	华昌达智能装备集团股份有限公司
2507155	商业信息泄露	上海安威士科技股份有限公司
2796072	股票转让-股权受让	恒健控股
2219664	实际控制人涉诉仲裁	京汉实业投资股份有限公司
2201862	商业信息泄露	交通银行
2235493	实际控制人变更	步森股份
2373061	债务重组	农业银行
3119719	资金紧张	泰禾
3062884	商业信息泄露	重庆惠凌实业股份有限公司
2854803	商业信息泄露	深圳市理邦精密仪器股份有限公司
2742060	财务信息造假	百济神州
2739586	业务资产重组	复星旅文
2187505	财务信息造假	江苏连云港港口股份有限公司
3105831	股票转让-股权受让	上海彤中
2957192	股票转让-股权受让	科斯伍德
2602209	债务重组	永泰能源
2897124	财务信息造假	中正珠江
2836168	财务信息造假	洛阳银行
2919108	债务违约	中国民生银行股份有限公司
3035581	债务重组	中航三鑫
2762930	债务违约	珠海中富实业股份有限公司
2714751	债务重组	楚昌投资
3141982	股票转让-股权受让	绿城房产
3137151	业务资产重组	天天快递
2475800	履行连带担保责任	湖南千山慢病健康管理有限公司
2159465	商业信息泄露	B站
2908298	业务资产重组	锦西化工总厂
2713693	业务资产重组	广东万家乐股份有限公司
2678803	实际控制人涉诉仲裁	振兴生化股份有限公司
2470941	业务资产重组	IBM
2370160	商业信息泄露	北京酷车易美网络科技有限公司
2818996	财务信息造假	辅仁药业
2171455	债务重组	中国铁物
2247395	业务资产重组	中国船舶
2471036	业务资产重组	锦州银行
3056581	实际控制人变更	科林环保装备股份有限公司
2535731	业务资产重组	工夫影业
2931301	财务信息造假	安然公司
2419727	实际控制人涉诉仲裁	四川升达林业产业股份有限公司
3067380	商业信息泄露	吉利
2914505	股票转让-股权受让	中煤能源
2426878	债务违约	网信证券
2786146	业务资产重组	劳拉
3137193	债务违约	精功科技
2737653	业务资产重组	振静股份
2693198	资金紧张	ofo
2995241	债务违约	精功集团
2838360	财务信息造假	康美
3039482	资金紧张	东卡环保工程技术有限公司
3123451	财务信息造假	康得新
3099647	财务信息造假	美洲银行
2545030	债务违约	包商银行
2647605	商业信息泄露	浙江吉利汽车研究院有限公司
2724330	债务重组	永泰能源
3137185	实际控制人变更	武汉雕龙医疗数据服务股份有限公司
2380462	财务信息造假	康美药业
2960989	股票转让-股权受让	物美
2470200	财务信息造假	康得集团
2527686	债务违约	宏图高科
2568269	财务信息造假	康得新
3123987	债务违约	丹东港集团
3129146	财务信息造假	康美药业
2852518	债务重组	信达资产
2193667	财务信息造假	天津创业环保集团股份有限公司
2491921	债务重组	钢集
2418969	实际控制人变更	嘉联支付有限公司
2824957	业务资产重组	中国化工
2970599	业务资产重组	中信证券
2712936	股票转让-股权受让	上海万科
2717057	债务违约	*ST利源
2595317	资金紧张	ST白兔湖
2284706	实际控制人变更	六国化工
2252547	实际控制人涉诉仲裁	繁昌县金科机电科技股份有限公司
2592902	业务资产重组	北京嘉林药业股份有限公司
2391155	股票转让-股权受让	安进公司
2708268	债务重组	中青旅实业
2980350	股票转让-股权受让	宜昌城投房地产开发有 限公司
2266994	履行连带担保责任	伟信担保
2203010	业务资产重组	FF
2626135	资金紧张	新乐视智家
3060539	资金紧张	海通证券
2614224	股票转让-股权受让	渤海活塞
2285364	股票转让-股权受让	京东
2154602	股票转让-股权受让	君正集团
2463685	实际控制人涉诉仲裁	金亚科技股份有限公司
2602560	债务违约	山东龙力生物科技股份有限公司
2747939	实际控制人涉诉仲裁	今创集团股份有限公司
2469469	债务违约	阳光凯迪
2307141	资金紧张	ST中南
2298865	履行连带担保责任	大连控股
2730041	资金紧张	中信国安
2999560	财务信息造假	康美药业
2626135	资金紧张	乐视网
2426913	债务违约	凯迪生态
2545995	债务违约	东兴证券
2807310	业务资产重组	广州证券
2532651	股票转让-股权受让	华昇资产管理有限公司
3025108	业务资产重组	宝钢
2160267	实际控制人变更	上海宏达矿业股份有限公司
2521758	股票转让-股权受让	奥马电器
3039172	实际控制人涉诉仲裁	顾地科技股份有限公司
2352456	商业信息泄露	吉利汽车
2437454	债务重组	山西安泰集团股份有限公司
2992060	实际控制人涉诉仲裁	上海易所试网络信息技术股份有限公司
2612850	履行连带担保责任	四通巨光高新技术发展（控股）有限公司
2808790	股票转让-股权受让	立昂技术
3109675	资金紧张	水果营行
2705807	实际控制人涉诉仲裁	上海新梅置业股份有限公司
2508839	履行连带担保责任	贵州武陵山水电发展股份有限公司
3005948	履行连带担保责任	广东固基建筑工程有限公司
3019208	债务违约	永泰能源
2475800	履行连带担保责任	湖南千山制药机械股份有限公司
2607139	实际控制人变更	肃北华泰博伦能源有限责任公司
2863652	实际控制人变更	康盛股份
2961553	实际控制人涉诉仲裁	大连大福控股股份有限公司
2522888	债务违约	三鼎集团
3032293	实际控制人变更	上海广泽食品科技股份有限公司
2625554	债务违约	国开行
2430781	财务信息造假	康美药业
2432882	财务信息造假	康美药业
2974154	业务资产重组	大悦城地产
2611573	股票转让-股权受让	河南新东方置业
2744209	商业信息泄露	三六零安全科技股份有限公司
2740294	实际控制人涉诉仲裁	铜陵精达特种电磁线股份有限公司
2249583	实际控制人涉诉仲裁	暴风集团
2234315	债务重组	昊天公司
2818996	财务信息造假	康美药业
2535731	业务资产重组	微影
2704863	履行连带担保责任	广州荣星房地产发展有限公司
2430366	财务信息造假	*ST昆机
2607407	债务违约	文山七合农业科技发展股份有限公司
3033017	财务信息造假	獐子岛
2363438	商业信息泄露	Waymo
2842609	商业信息泄露	北京海量数据技术股份有限公司
3107447	实际控制人变更	富星信息科技(北京)有限公司
2775338	商业信息泄露	吉利
2701400	债务违约	民众金融
2985729	债务违约	陕西坚瑞沃能股份有限公司
2520842	债务违约	神雾环保技术股份有限公司
2398182	财务信息造假	康德新
2273839	债务重组	山东能源集团
2944907	债务重组	中信国安集团
3015068	财务信息造假	格林柯尔
2270146	财务信息造假	康美
3124247	商业信息泄露	北京君德同创农牧科技股份有限公司
2725874	资金紧张	中城建
2170644	商业信息泄露	湖北知音传媒股份有限公司
2780765	实际控制人涉诉仲裁	浙江祥源文化股份有限公司
2477287	资金紧张	中天
2630190	资金紧张	康得新
2846531	财务信息造假	风华高科
2289357	商业信息泄露	吉利汽车
3023239	债务违约	中山证券
2529252	债务重组	中民租赁
2680119	业务资产重组	洪都航空
2299660	业务资产重组	庞大集团
3010622	债务重组	泛海控股
2626883	履行连带担保责任	鄂尔多斯市亚峰煤炭集团有限公司
2470941	业务资产重组	唯品会
2762478	财务信息造假	东方电子
2935880	业务资产重组	沙钢集团
2311044	资金紧张	力帆汽车
2816255	债务重组	中信国安集团
2734965	业务资产重组	中信证券
2741313	债务违约	德奥通用航空股份有限公司
2822492	业务资产重组	通用汽车
3056647	债务违约	陕西坚瑞沃能股份有限公司
2508917	债务违约	丰盛集团
3019164	股票转让-股权受让	高瓴资本
2281418	商业信息泄露	浙江吉利控股集团
2197707	资金紧张	法拉第未来
2616069	资金紧张	中法人寿
2780522	财务信息造假	河北银行
2771267	债务重组	云南中豪集团
2187152	实际控制人变更	上海交大昂立股份有限公司
2710657	财务信息造假	康得新
2185211	履行连带担保责任	广州证券
2742842	业务资产重组	中国船舶
2904457	实际控制人涉诉仲裁	西藏矿业发展股份有限公司
2261804	实际控制人变更	日照港集团有限公司
2778871	债务违约	森源家具
2667684	资金紧张	庞大集团
2715042	资金紧张	海马汽车
2238266	商业信息泄露	吉利
2488786	股票转让-股权受让	紫光国微
2311514	实际控制人涉诉仲裁	营口港务股份有限公司
2640768	实际控制人变更	跨境通宝电子商务股份有限公司
2563695	资金紧张	庞大集团
3019354	实际控制人涉诉仲裁	江苏高能时代在线股份有限公司
2704863	履行连带担保责任	广东方圆集团有限公司
2976923	履行连带担保责任	众信旅游
2859216	业务资产重组	广州证券
2924747	商业信息泄露	优衣库
2905478	实际控制人涉诉仲裁	上海三毛企业（集团）股份有限公司
2643743	债务违约	融华信托
2345487	实际控制人变更	宏达实业
2173166	资金紧张	金立
3125516	财务信息造假	莱商银行
2733194	资金紧张	顺丰
2277267	商业信息泄露	浙江步森服饰股份有限公司
2950771	业务资产重组	中船科技
2771315	财务信息造假	康美药业
2216958	资金紧张	ofo
2396755	债务违约	安信信托
2839833	实际控制人变更	国付宝
2787121	债务违约	陕西坚瑞沃能股份有限公司
2873796	股票转让-股权受让	周大福投资
2206173	财务信息造假	康美
3097318	业务资产重组	中民投
2396793	业务资产重组	长城资产
2653681	债务违约	博源控股
2889521	债务重组	中信集团
2515518	业务资产重组	甘肃银行
2609852	债务重组	中民投
2527686	资金紧张	宏图高科
2390515	业务资产重组	中民投	
2839833	股票转让-股权受让	美银宝信息技术(上海)有限公司
2815552	债务违约	飞马国际
2247395	业务资产重组	中船集团
2889521	债务重组	中信国安
2900306	债务违约	恒大健康
2889521	业务资产重组	中信集团
3008946	实际控制人变更	金鹰基金
2680328	债务违约	金洲慈航
2469469	债务违约	阳光凯迪
2869834	股票转让-股权受让	天风证券
2897124	财务信息造假	ST康美
3082517	债务违约	安徽盛运环保(集团)股份有限公司
3043788	业务资产重组	中国铁物
2148028	履行连带担保责任	广州市财京融资担保有限公司
2772578	债务违约	新光集团
3063018	债务重组	楚昌投资
2960989	股票转让-股权受让	物美集团
2647605	商业信息泄露	浙江吉利控股有限公司
2609852	业务资产重组	中民投