600100312	涉嫌违法	中南文化
600100323	业务资产重组	汇洁股份
600100364	业务资产重组	安联不动产
600100518	业务资产重组	分众传媒信息技术股份有限公司
600100672	业务资产重组	我爱我家
600100741	实际控制人涉诉仲裁	柳化股份
600100752	业务资产重组	山西振东制药股份有限公司
600100767	涉嫌违法	海联讯
600100926	业务资产重组	紫光国芯
600101002	实际控制人涉诉仲裁	宁夏新日恒力钢丝绳股份有限公司
600101100	高管负面	博信股份
600101263	投诉维权	康宏财富投资管理（北京）有限公司
600101419	债务违约	嘉隆高科
600101446	高管负面	中国长城资产管理有份有限公司
600101552	业务资产重组	我爱我家
600101573	债务违约	绿城
600101826	资产负面	泰壹环保
600101850	涉嫌违法	熊猫金控股份有限公司
600102153	债务违约	太平洋证券
600102262	履行连带担保责任	金立通信
600102293	资金紧张	华创债券
600102346	歇业停业	*ST华泽
600102490	业务资产重组	西藏旅游
600102557	涉嫌违法	视觉中国
600102569	业务资产重组	光大银行
600102615	业务资产重组	摩根大通
600102684	业务资产重组	九鼎新材
600103377	涉嫌传销	九极生物
600103448	业务资产重组	金瑞矿业
600103457	股票转让-股权受让	梧州市东泰国有资产经营有限公司
600103541	债务重组	包钢股份
600103541	债务重组	包钢集团
600103588	股票转让-股权受让	新农开发
600103818	资金紧张	国泰君安
600103907	业务资产重组	乐视网
600103928	涉嫌违法	华昌达
600104011	业务资产重组	安徽马鞍山农村信用社
600104354	涉嫌违法	深圳市前海金融控股有限公司
600104354	涉嫌违法	中证信用增进股份有限公司
600104362	涉嫌违法	乐视网
600104836	债务重组	北京能源集团
600105013	涉嫌违法	Facebook
600105057	债务违约	国泰君安
600105293	财务信息造假	联合证券
600105436	股票转让-股权受让	永辉超市
600105485	实际控制人变更	浔兴股份
600105572	债务违约	江苏斯太尔
600105722	股票转让-股权受让	格力电器
600105934	财务信息造假	温得乙
600105991	涉嫌违法	滴滴
600106102	业务资产重组	中金公司
600106103	业务资产重组	金融投资咨询公司
600106197	债务违约	泸天化集团
600106215	业务资产重组	深圳赛格股份有限公司
600106528	债务违约	保定天威集团有限公司
600106580	实际控制人涉诉仲裁	印纪娱乐传媒股份有限公司
600106767	资金紧张	ST行悦
600106801	业务资产重组	洲际油气
600107233	业务资产重组	重药控股
600107244	涉嫌违法	中信证券
600107260	债务违约	精功集团
600107529	债务违约	万家文化
600107669	业务资产重组	ST金瑞
600107693	资金紧张	明源地产
600107821	涉嫌违法	獐子岛
600107884	业务资产重组	圆融通资产
600107967	股票转让-股权受让	恒大地产集团有限公司
600108219	涉嫌违法	沙钢股份
600108284	涉嫌违法	深圳东方港湾投资管理股份有限公司
600108355	资金紧张	顺鑫佳宇房地产开发有限公司
600108430	业务资产重组	国网英大
600108576	业务资产重组	卧龙地产
600108676	股票转让-股权受让	格力集团
600108705	高管负面	国海证券
600108716	股票转让-股权受让	太保产险
600108866	歇业停业	金利股份
600108984	高管负面	深圳轩鸿
600108992	业务资产重组	南通锻压设备股份有限公司
600109285	债务违约	乐视网
600109324	涉嫌违法	盾安新能源
600109720	资金紧张	东北证券
600109945	业务资产重组	申万宏源集团
600110007	涉嫌违法	极融
600110007	财务信息造假	嘉银金科
600110398	业务资产重组	广发证券
600110767	实际控制人涉诉仲裁	苏州金螳螂控股有限公司
600110767	实际控制人涉诉仲裁	苏州金螳螂建筑装饰股份有限公司
600110971	股票转让-股权受让	朗生投资
600111045	业务资产重组	广州保利小额贷款股份有限公司
600111125	业务资产重组	唐德影视
600111355	业务资产重组	新时代证券
600111376	业务资产重组	北信
600111848	涉嫌违法	乐优富拓
600112122	涉嫌违法	奥特迅
600112130	债务违约	三鼎控股
600112291	涉嫌违法	鲜言
600112358	涉嫌违法	海龙精密
600112427	涉嫌违法	沪伦通
600112752	业务资产重组	恒泰证券
600112772	债务违约	乐视网
600112821	业务资产重组	广州恒运企业集团股份有限公司
600112912	业务资产重组	广汇能源
600113032	资金紧张	ST吉恩
600113055	业务资产重组	蓝光环沪
600113084	业绩下滑	方大炭素
600113260	资金紧张	南国置业
600113494	业务资产重组	穗恒运A
600113494	业务资产重组	广州证券
600113524	实际控制人变更	北京华录百纳影视股份有限公司
600113616	实际控制人变更	格力电器
600113633	业务资产重组	广州恒运企业集团股份有限公司
600113820	财务信息造假	*ST昆机
600113871	业务资产重组	富兰克林资源
600113905	业务资产重组	好利来(中国)电子科技股份有限公司
600114582	股票转让-股权受让	盾安环境
600114602	涉嫌违法	中泰证券
600114624	实际控制人涉诉仲裁	深圳市同洲电子股份有限公司
600114924	债务违约	天广中茂股份有限公司
600114939	股票转让-股权受让	平安资管
600114939	股票转让-股权受让	平安人寿
600114939	业务资产重组	招商蛇口
600114975	业务资产重组	永辉超市
600115014	实际控制人变更	汉商集团
600115577	业务资产重组	富悦投资
600115638	业务资产重组	中青旅
600115971	业务资产重组	东方财富证券
600116009	财务信息造假	长园集团
600116107	业务资产重组	恒逸石化股份有限公司
600116157	高管负面	泰谷生物
600116531	业务资产重组	中国银行
600116532	债务重组	北京能源集团
600116788	业务资产重组	兴业银行
600117088	业务资产重组	中天金融
600117218	业务资产重组	香港交易所
600117388	财务信息造假	*欣泰
600117466	资金紧张	厦工股份
600117671	债务违约	雏鹰农牧
600117825	资产负面	万家文化
600117879	业务资产重组	万通地产
600117989	业务资产重组	梓橦宫
600118013	股票转让-股权受让	上海宝银创赢投资管理有限公司
600118013	股票转让-股权受让	上海兆赢股权投资基金管理有限公司
600118113	业务资产重组	基金资管公司
600118161	债务重组	北京能源集团
600118430	业务资产重组	桐君阁
600118463	实际控制人涉诉仲裁	郑州彩通科技股份有限公司
600118480	实际控制人变更	翌成创意资产运营管理(上海)股份有限公司
600118603	财务信息造假	宝宝树
600118645	业务资产重组	拜耳
600118668	股票转让-股权受让	北京金信融达投资管理有限公司
600118703	业务资产重组	爱尔眼科
600118729	业务资产重组	珠江控股
600118774	业务资产重组	交行
600118922	歇业停业	南京证券
600118968	实际控制人涉诉仲裁	天马轴承集团股份有限公司
600119232	资金紧张	SHIBOR
600119312	资金紧张	华谊兄弟
600119448	债务违约	山东海益宝水产股份有限公司
600119448	债务违约	山东玖龙海洋产业股份有限公司
600119641	资金紧张	鑫远集团
600119668	财务信息造假	中毅达
600119708	实际控制人变更	延长化建
600120087	业务资产重组	软银集团
600120087	业务资产重组	主权财富基金
600120316	涉嫌违法	汉麻产业
600120599	业务资产重组	固安信通
600120671	业务资产重组	莱茵基金
600120689	财务信息造假	乐视网
600120899	业务资产重组	浙富控股
600120993	履行连带担保责任	金立通信
600121061	实际控制人涉诉仲裁	深圳市光汇石油化工股份有限公司
600121397	财务信息造假	ST鑫秋
600121428	实际控制人涉诉仲裁	匹凸匹公司
600121503	业务资产重组	ST宏盛
600121545	业务资产重组	国开行
600121592	业务资产重组	REITs
600121792	实际控制人变更	银华基金
600121792	股票转让-股权受让	杭州银华聚义投资合伙企业
600121792	股票转让-股权受让	杭州银华致信投资合伙企业
600121888	履行连带担保责任	高银天津
600121949	实际控制人涉诉仲裁	致生联发信息技术股份有限公司
600121970	业务资产重组	ST康得
600121970	资金紧张	ST康得
600122122	债务违约	中弘股份
600122270	债务违约	国海证券
600122430	业务资产重组	北汽产投
600122435	商业信息泄露	延华智能
600122522	债务违约	北京银行
600122988	实际控制人涉诉仲裁	京汉实业投资股份有限公司
600123031	业务资产重组	中南文化
600123264	实际控制人变更	玉龙股份
600123280	债务违约	刚泰控股
600123334	资产负面	千山药机
600123509	债务违约	龙江银行股份有限公司
600123563	业务资产重组	普华永道中国
600123701	资金紧张	运达科技
600124022	业务资产重组	金利股份
600124038	业务资产重组	鹏起万里
600124235	业务资产重组	东北特钢集团
600124786	履行连带担保责任	华业发展（深圳）有限公司
600124890	涉嫌违法	龙韵股份
600124953	歇业停业	常山药业
600125059	股票转让-股权受让	中植
600125136	业务资产重组	东北特钢集团
600125208	业务资产重组	中星微
600125217	业务资产重组	中国银行股份有限公司
600125217	业务资产重组	中央汇金投资有限责任公司
600125270	业务资产重组	匹凸匹
600125322	实际控制人涉诉仲裁	四川宏达股份有限公司
600125450	业务资产重组	东北特钢集团
600125479	业务资产重组	海虹控股
600125544	实际控制人变更	延长化建
600125571	履行连带担保责任	泰禾投资
600125743	歇业停业	重庆百货
600125839	涉嫌非法集资	人身保险公司
600125895	歇业停业	辉山乳业
600125938	资产负面	华仁药业
600126129	债务违约	中茵集团
600126153	涉嫌违法	深圳秋实弘仕资产管理有限公司
600126153	涉嫌违法	深圳聚合创投资产管理有限公司
600126153	涉嫌违法	深圳聚合创投
600126306	业务资产重组	熊猫金控
600126344	业务资产重组	世纪游轮
600126541	债务违约	江苏帝奥
600126998	歇业停业	美盈森
600127141	业务资产重组	井神股份
600127264	实际控制人变更	白药控股
600127264	实际控制人变更	云南白药集团股份有限公司
600127312	业务资产重组	光大控股
600127397	财务信息造假	攀钢钒钛
600127554	涉嫌违法	中注协
600127685	实际控制人变更	中国东方资产管理股份有限公司
600127810	股票转让-股权受让	阅文集团
600127913	涉嫌违法	华昌达
600127968	歇业停业	朝阳永续
600128024	涉嫌违法	康乐药业
600128441	债务违约	融通四海融资租赁
600128611	涉嫌违法	深圳前海复金基金管理有限公司
600128649	股票转让-股权受让	新农开发
600128944	财务信息造假	探路者
600129213	涉嫌违法	浙江凯胜
600129455	资金紧张	J.D.Power
600129552	业务资产重组	天业黄金
600129552	业务资产重组	天业股份
600129606	业务资产重组	隆平高科
600130114	股票转让-股权受让	中航电测
600130261	履行连带担保责任	华昌达
600130265	资金紧张	德银
600130265	业务资产重组	德银
600130364	债务违约	青岛海信房地产股份有限公司
600130545	涉嫌违法	北生药业
600130597	业务资产重组	华大智造
600130862	债务违约	梧桐翔宇
600130948	实际控制人涉诉仲裁	湖南湘投控股集团有限公司
600130948	实际控制人涉诉仲裁	湖南发展
600131174	实际控制人涉诉仲裁	铭丰包装
600131217	商业信息泄露	雅虎公司
600131411	业务资产重组	百胜集团
600131537	业务资产重组	小米
600131838	资金紧张	ST金路
600132146	财务信息造假	陕国投
600132164	债务违约	华泽钴镍
600132353	涉嫌违法	大公国际
600132578	涉嫌违法	齐鲁银行
600132644	股票转让-股权受让	科陆电子
600132726	股票转让-股权受让	宣亚国际
600132989	履行连带担保责任	ST冠福
600133189	履行连带担保责任	小松（中国）融资租赁有限公司
600133204	实际控制人变更	新疆合金投资股份有限公司
600133577	涉嫌违法	美盈森
600133730	履行连带担保责任	海南京豪大酒店
600133895	财务信息造假	金亚科技
600134324	涉嫌违法	长生生物
600134529	业务资产重组	华菱钢铁
600134914	资金紧张	峰岭大健康
600135065	实际控制人涉诉仲裁	金亚科技股份有限公司
600135066	涉嫌违法	慧球科技
600135108	业务资产重组	华闻传媒投资集团股份有限公司
600135173	债务违约	欣泰电气
600135177	业务资产重组	体育之窗
600135683	债务违约	同孚实业
600135683	履行连带担保责任	ST冠福
600135792	涉嫌违法	ST蒙发
600136052	歇业停业	云鹰科技
600136306	涉嫌欺诈	年富供应链
600136344	涉嫌违法	柳化股份
600136557	债务违约	中国光大银行
600136557	资产负面	恒丰银行
600136647	财务信息造假	豫能控股
600136802	实际控制人涉诉仲裁	成都市路桥工程股份有限公司
600136867	股票转让-股权受让	绿地集团
600136901	债务重组	铜陵市浩荣电子科技有限公司
600136913	债务违约	吉林信托
600136944	债务违约	中泰证券
600136973	业务资产重组	鞍重股份
600137005	业务资产重组	泛海控股
600137152	财务信息造假	湖北蓝田
600137447	资金紧张	东北特钢
600137447	债务违约	东特钢
600137622	履行连带担保责任	宁夏元泰担保有限公司
600137889	债务违约	康得新
600137893	业务资产重组	皇台酒业
600137976	信批违规	帝王洁具
600138187	业务资产重组	中国化工
600138187	业务资产重组	中海油
600138187	业务资产重组	万科
600138187	业务资产重组	中国财团
600138187	业务资产重组	安踏
600138187	业务资产重组	海航
600138187	业务资产重组	五矿集团
600138187	业务资产重组	青岛海尔
600138187	股票转让-股权受让	腾讯
600138262	业务资产重组	国海证券
600138464	业务资产重组	国旅联合体育发展有限公司
600138559	债务违约	联储证券
600138724	股票转让-股权受让	东方精工
600138910	业务资产重组	港交所
600138963	业务资产重组	长高集团
600139081	财务信息造假	温得乙
600139449	债务违约	高银金控
600139579	债务违约	湖南
600139830	业务资产重组	ST昆机
600139856	财务信息造假	芭田股份
600139964	业务资产重组	世纪空间
600140123	涉嫌违法	互金协会
600140296	涉嫌违法	长信基金
600140375	股票转让-股权受让	福建建工集团有限责任公司
600140379	涉嫌违法	吉林信托
600140441	涉嫌违法	联建光电
600140457	业务资产重组	世纪华通
600140511	业务资产重组	美银美林
600140525	业务资产重组	海淀国投
600140557	履行连带担保责任	江苏四环生物股份有限公司医药投资有限公司
600140825	业务资产重组	沱牌舍得集团
600140943	业务资产重组	万科
600141099	股票转让-股权受让	陈邦
600141223	资金紧张	金立
600141283	债务重组	山东能源集团
600141283	业务资产重组	山东能源集团
600141449	实际控制人变更	跨境通宝电子商务股份有限公司
600141473	财务信息造假	通用电气
600141583	业务资产重组	乐视
600141621	债务违约	东方金钰
600141755	债务违约	盛运环保
600141979	涉嫌违法	欣泰电气
600142069	实际控制人涉诉仲裁	刚泰控股
600142248	实际控制人涉诉仲裁	暴风集团股份有限公司
600142272	涉嫌非法集资	联壁金融
600142538	债务重组	中豪集团
600142622	债务违约	中弘股份
600142626	涉嫌违法	富临精工
600143146	财务信息造假	参仙源
600143197	涉嫌违法	獐子岛公司
600143649	财务信息造假	辉山
600143707	债务违约	河南彩虹光网络印刷股份有限公司
600143731	债务违约	永泰能源
600143731	履行连带担保责任	永泰集团有限公司
600143810	业务资产重组	文化长城
600144021	业务资产重组	美国银行
600144093	财务信息造假	通用电气
600144213	涉嫌违法	天安人寿
600144524	债务违约	中弘控股股份有限公司
600144553	业务资产重组	首创证券有限责任公司
600144739	财务信息造假	通用电气
600144937	涉嫌欺诈	BISS
600145097	债务违约	信威集团
600145531	股票转让-股权受让	沈阳华晨专用车有限公司
600145699	业务资产重组	大晟文化
600145701	财务信息造假	*ST烯碳
600145714	业务资产重组	乐视控股
600145794	高管负面	四川信托
600145858	股票转让-股权受让	同时
600145913	实际控制人变更	博信股份
600146030	资金紧张	华尔街
600146094	业务资产重组	中国化工
600146094	业务资产重组	中海油
600146094	业务资产重组	万科
600146094	业务资产重组	中国财团
600146094	业务资产重组	安踏
600146094	业务资产重组	海航
600146094	业务资产重组	五矿集团
600146094	业务资产重组	青岛海尔
600146094	股票转让-股权受让	腾讯
600146141	歇业停业	浙江携银在线网络科技有限公司
600146236	业务资产重组	中国化工
600146236	业务资产重组	中海油
600146236	业务资产重组	万科
600146236	业务资产重组	中国财团
600146236	业务资产重组	安踏
600146236	业务资产重组	海航
600146236	业务资产重组	五矿集团
600146236	业务资产重组	青岛海尔
600146236	股票转让-股权受让	腾讯
600146428	履行连带担保责任	中钢投资
600146478	债务违约	湘财证券
600146516	业务资产重组	世联行
600146595	债务重组	波多黎各
600146614	股票转让-股权受让	平安证券金牛1号
600146664	涉嫌违法	中天能源
600146904	债务违约	雷士照明
600146951	涉嫌违法	梦洁股份
600147003	业务资产重组	中天金融
600147003	业务资产重组	华夏人寿
600147134	财务信息造假	金盾股份
600147188	业务资产重组	宁波天河水生态科技股份有限公司
600147293	债务重组	中国民生投资股份有限公司
600147522	业务资产重组	中外运航运
600147522	业务资产重组	Sinotrans Shipping
600147597	业务资产重组	浪潮集团
600147695	业务资产重组	华鼎股份
600147704	业务资产重组	国寿资产
600147780	业务资产重组	我爱我家
600148041	债务违约	彰源科技
600148041	涉嫌违法	安正（天津）新材料股份有限公司
600148041	履行连带担保责任	安正（天津）新材料股份有限公司
600148199	债务违约	中泰证券
600148199	债务违约	天圣制药
600148355	债务重组	皇氏集团
600148424	业务资产重组	世纪游轮
600148463	业务资产重组	东方银星
600148514	实际控制人涉诉仲裁	瑞真商业
600148636	涉嫌违法	河南四方达超硬材料股份有限公司
600148818	实际控制人变更	沣石恒达
600148818	实际控制人变更	沣能投资
600148929	履行连带担保责任	信威集团
600149069	债务违约	加加食品
600149178	业务资产重组	乐视网信息技术（北京）股份有限公司
600149290	歇业停业	辉山乳业（中国）有限公司
600149290	歇业停业	辽宁辉山乳业集团（沈阳）有限公司
600149328	涉嫌非法集资	深圳轩鸿
600149345	实际控制人变更	新宏泰
600150342	涉嫌违法	湖南雀石投资管理有限公司
600150391	债务违约	皇台酒业
600150418	股票转让-股权受让	北航长鹰科技有限公司
600150456	歇业停业	四环生物
600150659	业务资产重组	重庆钢铁
600150674	涉嫌违法	浙江神州资产管理有限公司
600150798	涉嫌违法	融钰集团
600150826	业务资产重组	ST融捷
600151026	涉嫌传销	ICO
600151213	提现困难	上恒资产
600151239	信批违规	金亚科技
600151277	股票转让-股权受让	君兴农业
600151508	业务资产重组	蝶彩资产
600151553	歇业停业	金瑞矿业
600151648	财务信息造假	欣泰电气
600151657	业务资产重组	獐子岛
600151958	股票转让-股权受让	旋极信息
600151962	财务信息造假	*欣泰
600152019	履行连带担保责任	立信
600152046	涉嫌违法	特力A
600152046	涉嫌违法	得利斯
600152101	实际控制人涉诉仲裁	豫金刚石
600152172	涉嫌欺诈	高田通信
600152179	债务违约	康得新
600152189	债务违约	美国高斯国际有限公司
600152329	实际控制人涉诉仲裁	地素时尚股份有限公司
600152499	实际控制人变更	共达电声
600152506	业务资产重组	江苏信托
600152576	债务违约	海富通聚利
600152595	业务资产重组	铭普光磁
600152608	股票转让-股权受让	中房股份
600152685	债务违约	东方金钰
600152709	涉嫌违法	乐视网
600152797	涉嫌违法	乐视
600153287	履行连带担保责任	广州证券
600153405	涉嫌违法	ofo
600153513	业务资产重组	华安证券
600153639	业务资产重组	中国化工
600153639	业务资产重组	中海油
600153639	业务资产重组	万科
600153639	业务资产重组	中国财团
600153639	业务资产重组	安踏
600153639	业务资产重组	海航
600153639	业务资产重组	五矿集团
600153639	业务资产重组	青岛海尔
600153639	股票转让-股权受让	腾讯
600153685	股票转让-股权受让	皇庭基金
600153725	业务资产重组	银河证券
600153938	业务资产重组	腾邦国际
600154026	债务违约	北大方正集团有限公司
600154146	履行连带担保责任	盛运环保
600154218	涉嫌欺诈	推特
600154844	股票转让-股权受让	厦门吉宏包装科技股份有限公司
600154919	业务资产重组	华北制药
600154934	业务资产重组	腾讯控股
600154954	债务违约	中弘控股
600155059	业务资产重组	桐君阁
600155166	债务违约	永泰能源
600155166	履行连带担保责任	永泰集团有限公司
600155383	业务资产重组	招商银行
600155383	业务资产重组	招银资产管理有限责任公司
600155430	股票转让-股权受让	和平财富
600155538	业务资产重组	中国化工
600155538	业务资产重组	中海油
600155538	业务资产重组	万科
600155538	业务资产重组	中国财团
600155538	业务资产重组	安踏
600155538	业务资产重组	海航
600155538	业务资产重组	五矿集团
600155538	业务资产重组	青岛海尔
600155538	股票转让-股权受让	腾讯
600155629	业务资产重组	云南旅游
600155726	高管负面	泰禾
600155806	业务资产重组	安踏体育
600155887	涉嫌非法集资	联合学院
600156017	涉嫌违法	国旅联合
600156276	股票转让-股权受让	中国人寿
600156276	股票转让-股权受让	中信信托
600156300	债务违约	江苏农华智慧农业科技股份有限公司
600156322	债务违约	康得新
600156371	债务违约	雨润
600156410	债务违约	云南省国有资本运营有限公司
600156509	业务资产重组	华兴源创
600156570	业务资产重组	中信建投
600156682	涉嫌违法	辽机集团
600156963	股票转让-股权受让	陆金所控股
600157384	资金紧张	中原证券
600157537	业务资产重组	杭州初灵信息技术股份有限公司
600157758	业务资产重组	华塑控股
600157771	实际控制人涉诉仲裁	杭州爱普医疗器械股份有限公司
600157848	涉嫌违法	京粮控股
600157926	业务资产重组	云南旅游
600158091	业务资产重组	中国化工
600158091	业务资产重组	中海油
600158091	业务资产重组	万科
600158091	业务资产重组	中国财团
600158091	业务资产重组	安踏
600158091	业务资产重组	海航
600158091	业务资产重组	五矿集团
600158091	业务资产重组	青岛海尔
600158091	股票转让-股权受让	腾讯
600158134	债务违约	永泰能源
600158134	履行连带担保责任	永泰集团有限公司
600158443	业务资产重组	天音控股
600158461	债务重组	* ST华新
600158503	业务资产重组	CFIUS
600158503	业务资产重组	罗尔斯公司
600158827	实际控制人变更	江南嘉捷电梯股份有限公司
600158828	业务资产重组	复星医药
600158946	业务资产重组	中国移动通信集团公司
600158974	股票转让-股权受让	中海石油中国
600159020	业务资产重组	延华智能
600159093	债务违约	天安财险
600159199	债务违约	云南城投
600159226	股票转让-股权受让	玖威医疗
600159226	股票转让-股权受让	满垚医疗
600159226	股票转让-股权受让	禄垚医疗
600159379	实际控制人变更	国科环宇
600159386	业务资产重组	卡夫亨氏
600159617	股票转让-股权受让	天马集团
600159773	业务资产重组	中国化工
600159773	业务资产重组	中海油
600159773	业务资产重组	万科
600159773	业务资产重组	中国财团
600159773	业务资产重组	安踏
600159773	业务资产重组	海航
600159773	业务资产重组	五矿集团
600159773	业务资产重组	青岛海尔
600159773	股票转让-股权受让	腾讯
600160006	债务重组	中山证券
600160192	涉嫌违法	金龙联合汽车工业（苏州）有限公司
600160207	债务违约	南京雨润
600160214	业务资产重组	博纳影业集团股份有限公司
600160281	涉嫌违法	永安自行车
600160364	业务资产重组	安邦人寿
600160404	资产负面	容一电动
600160404	资金紧张	充电网科技公司
600160459	涉嫌违法	百度公司
600160460	业务资产重组	诺普信
600160605	财务信息造假	ADSs
600160608	业务资产重组	渤海金控
600160608	业务资产重组	海航
600160621	财务信息造假	畅购公司
600160637	股票转让-股权受让	睿康投资
600160643	股票转让-股权受让	高林（深圳）资本管理有限公司
600160643	股票转让-股权受让	高林厚健（上海）创业投资合伙企业（有限合伙）
600160643	股票转让-股权受让	上海高林固泰创业投资管理有限公司
600160643	股票转让-股权受让	深圳弘泰资本投资有限公司
600160643	股票转让-股权受让	高林资本管理有限公司
600160772	业务资产重组	工银瑞信
600160780	履行连带担保责任	秋林集团
600160819	财务信息造假	银星能源
600160824	债务违约	海航
600160873	债务违约	东北特殊钢集团有限责任公司
600160937	债务违约	CWT
600161309	业务资产重组	光大证券
600161471	资金紧张	华侨城
600161578	业务资产重组	保利集团
600161578	业务资产重组	中联前源不动产基金管理有限公司
600161590	业务资产重组	连云港港口集团有限公司
600161851	资产负面	中弘股份
600161858	股票转让-股权受让	清华控股有限公司
600161892	业务资产重组	旺能环境股份有限公司
600161915	业务资产重组	韶能股份
600162059	财务信息造假	ST康美
600162059	财务信息造假	康美药业
600162334	业务资产重组	浙商银行
600162343	业务资产重组	千山
600162502	涉嫌违法	万科
600162601	涉嫌违法	惠州市赢合科技有限公司
600162722	实际控制人变更	嘉裕投资
600162731	实际控制人涉诉仲裁	首旅集团
600162791	业务资产重组	Domob Limited
600162813	股票转让-股权受让	康尼机电
600162934	涉嫌非法集资	团贷网
600163515	债务违约	兴业证券
600163520	债务违约	永泰能源
600163520	履行连带担保责任	永泰集团有限公司
600163977	债务违约	北京东富嘉吉投资管理中心
600164079	财务信息造假	康得新
600164190	资产负面	金立
600164190	债务违约	金立
600164280	债务违约	安信信托
600164300	业务资产重组	科达股份
600164385	股票转让-股权受让	匹凸匹
600164516	履行连带担保责任	广州富力地产股份有限公司
600164519	业务资产重组	*ST申科
600164645	股票转让-股权受让	高毅晓峰2号致信基金
600164645	股票转让-股权受让	高毅晓峰投资信托
600164797	履行连带担保责任	招商局置地有限公司
600164898	涉嫌违法	民生银行厦门分行
600164898	涉嫌违法	平安银行
600164995	债务违约	辉山乳业
600165318	业务资产重组	顺丰控股
600165434	业务资产重组	乐视网
600165434	股票转让-股权受让	恒大集团
600165434	股票转让-股权受让	万达集团
600165572	业务资产重组	FMCH
600165616	业务资产重组	中国化工
600165616	业务资产重组	中海油
600165616	业务资产重组	万科
600165616	业务资产重组	中国财团
600165616	业务资产重组	安踏
600165616	业务资产重组	海航
600165616	业务资产重组	五矿集团
600165616	业务资产重组	青岛海尔
600165616	股票转让-股权受让	腾讯
600166019	业务资产重组	天诚国际投资
600166449	实际控制人涉诉仲裁	重庆家富健康产业有限公司
600166485	财务信息造假	云工社
600166578	实际控制人涉诉仲裁	长航凤凰股份有限公司
600166578	实际控制人涉诉仲裁	顺航海运
600166751	涉嫌违法	华普天健北京所
600166947	涉嫌违法	双汇发展
600167251	业务资产重组	安永
600167442	履行连带担保责任	四川西昌电力股份有限公司
600167630	涉嫌违法	松芝股份
600167664	业务资产重组	辉山乳业
600167853	业务资产重组	鼎汉电气
600167859	歇业停业	*欣泰
600167983	涉嫌违法	中兴
600168079	履行连带担保责任	秋林集团
600168107	履行连带担保责任	深圳市辉煌黄山创想科技股份有限公司开发有限公司
600168281	业务资产重组	华媒控股
600168292	股票转让-股权受让	珠海明骏投资合伙企业（有限合伙）
600168513	涉嫌违法	金盈所
600168560	股票转让-股权受让	郴投集团
600168604	债务违约	辉山乳业
600168664	实际控制人变更	卓郎智能技术股份有限公司
600168911	业务资产重组	梅赛德斯-奔驰
600168917	业务资产重组	凌云股份
600169013	债务重组	中信国安集团
600169281	财务信息造假	ST鑫秋
600169336	债务违约	中信国安
600169351	业务资产重组	依兰(集团)有限公司
600169395	涉嫌违法	新盛投资
600169416	实际控制人变更	锡业股份
600169424	业务资产重组	安迪苏营养集团
600169599	业务资产重组	中国化工
600169599	业务资产重组	中海油
600169599	业务资产重组	万科
600169599	业务资产重组	中国财团
600169599	业务资产重组	安踏
600169599	业务资产重组	海航
600169599	业务资产重组	五矿集团
600169599	业务资产重组	青岛海尔
600169599	股票转让-股权受让	腾讯
600169610	资金紧张	投保基金
600169624	业务资产重组	懒财网
600169704	股票转让-股权受让	高林（深圳）资本管理有限公司
600169704	股票转让-股权受让	高林厚健（上海）创业投资合伙企业（有限合伙）
600169704	股票转让-股权受让	上海高林固泰创业投资管理有限公司
600169704	股票转让-股权受让	深圳弘泰资本投资有限公司
600169704	股票转让-股权受让	高林资本管理有限公司
600169813	股票转让-股权受让	堆龙中星微
600169813	股票转让-股权受让	珠海翰盛
600169901	资金紧张	银城国际
600169939	歇业停业	远特科技
600169985	业务资产重组	亿迅
600170113	业务资产重组	中天金融
600170113	业务资产重组	华夏人寿
600170198	债务违约	银票
600170531	债务违约	分众传媒
600170535	实际控制人涉诉仲裁	亿阳信通股份有限公司
600170557	债务重组	中国民生投资股份有限公司
600170575	债务违约	上恒资产
600170589	涉嫌违法	京基集团
600170593	债务重组	FF
600170765	债务违约	吉林铁投
600170862	业务资产重组	天威集团
600171027	歇业停业	博瑞传播
600171029	高管负面	国寿资产
600171091	涉嫌违法	协鑫集团
600171228	股票转让-股权受让	恒大地产
600171459	股票转让-股权受让	上海游素投资管理有限公司
600171494	涉嫌违法	句容宁武新材料
600171571	实际控制人涉诉仲裁	华天酒店集团股份有限公司
600171571	实际控制人涉诉仲裁	华天实业控股集团有限公司
600171641	涉嫌违法	光大银行
600171738	涉嫌违法	中国结算
600171802	债务违约	龙韵股份
600172233	业务资产重组	基金
600172278	股票转让-股权受让	UBS AG
600172366	资金紧张	同花顺
600172657	财务信息造假	火溶信息
600172686	资金紧张	华大基因
600172762	涉嫌违法	金花股份
600172896	高管负面	匹凸匹
600173086	涉嫌违法	常山药业
600173201	涉嫌违法	中弘卓业
600173325	业务资产重组	中国化工
600173325	业务资产重组	中海油
600173325	业务资产重组	万科
600173325	业务资产重组	中国财团
600173325	业务资产重组	安踏
600173325	业务资产重组	海航
600173325	业务资产重组	五矿集团
600173325	业务资产重组	青岛海尔
600173325	股票转让-股权受让	腾讯
600173450	实际控制人涉诉仲裁	浙江环洲
600173543	财务信息造假	华信泰
600173609	业务资产重组	GoodData
600173726	业务资产重组	汇丰控股
600173773	债务违约	中弘股份
600173998	业务资产重组	上交所
600174243	涉嫌违法	科创板
600174355	股票转让-股权受让	高林（深圳）资本管理有限公司
600174355	股票转让-股权受让	高林厚健（上海）创业投资合伙企业（有限合伙）
600174355	股票转让-股权受让	上海高林固泰创业投资管理有限公司
600174355	股票转让-股权受让	深圳弘泰资本投资有限公司
600174355	股票转让-股权受让	高林资本管理有限公司
600174357	涉嫌违法	中国结算
600174418	业务资产重组	浙江万盛股份有限公司
600174432	债务违约	永泰能源
600174432	履行连带担保责任	永泰集团有限公司
600174459	债务违约	信威集团
600174489	实际控制人涉诉仲裁	抚顺特殊钢股份有限公司
600174851	商业信息泄露	四川金象赛瑞化工股份有限公司
600175120	商业信息泄露	浙江吉利控股集团有限公司
600175120	商业信息泄露	浙江吉利汽车研究院有限公司
600175364	资产负面	利源精制
600175370	资金紧张	瑞士信贷
600175416	涉嫌违法	*ST昆机
600175839	债务违约	海通恒信
600176041	涉嫌违法	Wind
600176329	涉嫌违法	长生生物
600176584	涉嫌违法	湖南雀石投资管理有限公司
600176752	财务信息造假	湖北中试电力科技股份有限公司
600176775	财务信息造假	欣泰电气
600176849	债务违约	兴业证券
600177026	财务信息造假	鞍重股份
600177044	履行连带担保责任	粤泰股份
600177266	股票转让-股权受让	韬蕴资本
600177358	业务资产重组	深高速
600177368	涉嫌违法	浔兴股份
600177371	涉嫌违法	安恒信息
600177746	业务资产重组	闻泰科技
600177775	股票转让-股权受让	东风汽车
600177775	业务资产重组	小康股份
600177901	资产负面	长生生物
600177995	业务资产重组	南京银行
600178101	债务违约	永安期货
600178177	财务信息造假	厦门中毅达环境艺术工程有限公司
600178201	业务资产重组	山西证券
600178244	业务资产重组	诚志股份
600178325	业务资产重组	东莞证券
600179168	业务资产重组	重庆市旺成科技股份有限公司
600179187	财务信息造假	金亚科技公司
600179250	债务违约	兴业证券
600179413	履行连带担保责任	北京北大未名生物工程集团有限公司
600179500	业务资产重组	中源协和
600179533	实际控制人涉诉仲裁	深圳市佳信捷技术股份有限公司
600179627	债务违约	招商银行
600180059	业务资产重组	华融信托
600180250	商业信息泄露	爱施德
600180428	资金紧张	国泰君安
600180777	涉嫌违法	中科英华
600181192	资金紧张	雏鹰农牧
600181212	涉嫌违法	绿能宝
600181274	涉嫌违法	中弘股份
600181528	业务资产重组	民生银行
600181548	债务重组	楚昌投资
600181569	涉嫌违法	国祯环保
600181625	股票转让-股权受让	福建省能源集团有限责任公司
600181795	资金紧张	新疆润丰
600181795	资金紧张	德普特投资
600181795	股票转让-股权受让	铁元投资
600181815	实际控制人变更	昆仑万维
600181851	债务违约	永泰能源
600181945	财务信息造假	红阳能源
600182002	业务资产重组	亿达中国
600182230	商业信息泄露	旅游上海百事通信息技术股份有限公司
600182300	业务资产重组	海航控股
600182439	涉嫌违法	拥湾资产
600182845	业务资产重组	中电广通
600182901	债务违约	博时安源
600183211	实际控制人涉诉仲裁	新盛投资
600183282	业务资产重组	金龙汽车
600183294	股票转让-股权受让	万家集团
600183417	财务信息造假	鑫山保险代理有限公司
600183571	涉嫌违法	狮航
600183593	债务违约	德邦证券
600183668	债务重组	信达
600183668	债务重组	楚昌投资
600183870	实际控制人变更	国星光电
600183876	涉嫌违法	合金投资
600183948	商业信息泄露	浙江吉利控股集团有限公司
600183948	商业信息泄露	浙江吉利汽车研究院有限公司
600183976	业务资产重组	淮南矿业
600184060	股票转让-股权受让	管子房
600184203	债务违约	上恒资产
600184262	涉嫌违法	常山药业
600184610	股票转让-股权受让	保险公司
600184636	债务违约	东北特钢
600184636	债务违约	东特钢
600184656	财务信息造假	欣泰电气
600184765	债务违约	康得集团
600185112	商业信息泄露	开鑫金服
600185595	涉嫌违法	中南文化
600185686	资金紧张	联讯证券
600185883	涉嫌违法	美邦服饰
600186025	业务资产重组	农行
600186225	实际控制人变更	多伦股份
600186497	财务信息造假	欣泰电气
600186713	债务重组	中国华融资产管理股份有限公司重庆市分公司
600186750	涉嫌违法	长生生物
600186827	业务资产重组	越秀金控
600186827	业务资产重组	中信证券
600186908	业务资产重组	齐鲁证券
600187049	资金紧张	信永中和
600187200	业务资产重组	德奥通航
600187452	涉嫌违法	柳化股
600187599	债务违约	紫鑫药业
600187864	资金紧张	小蓝单车
600187980	业务资产重组	朝阳昊天
600187998	债务重组	泛海控股
600188054	业务资产重组	ST成城
600188059	高管负面	上海联璧电子科技有限公司
600188098	债务违约	永泰能源
600188248	债务违约	东北特钢
600188297	财务信息造假	新农开发
600188340	业务资产重组	德银
600188415	业务资产重组	同方国芯
600188415	业务资产重组	同方股份
600188453	涉嫌欺诈	保险公司
600188574	债务违约	CWT
600188807	股票转让-股权受让	江苏天勤投资有限公司
600188857	债务违约	华融国际
600188946	涉嫌违法	*欣泰
600189076	股票转让-股权受让	彩虹集团
600189153	涉嫌违法	嘉麟杰
600189415	实际控制人涉诉仲裁	ST保千里
600189522	业务资产重组	*ST厦华
600189589	履行连带担保责任	华夏幸福
600189634	实际控制人变更	陆金所
600189634	实际控制人变更	上海陆家嘴国际金融资产交易市场股份有限公司
600189882	涉嫌违法	杭锅股份
600190104	实际控制人涉诉仲裁	泰禾
600190266	债务违约	阜城农村商业银行股份有限公司
600190545	业务资产重组	五新隧装
600190670	涉嫌违法	保千里
600190688	债务违约	东阳光科技控股
600190774	债务违约	委内瑞拉国家石油公司
600190789	涉嫌欺诈	中国中车
600190803	业务资产重组	完美环球
600190915	业务资产重组	安纳达
600190915	业务资产重组	六国化工
600190937	实际控制人涉诉仲裁	亿阳集团
600191126	业务资产重组	电建地产
600191171	业务资产重组	ST金路
600191978	业务资产重组	联想集团
600192112	资产负面	华鼎股份
600192424	资金紧张	华业资本
600192620	业务资产重组	深圳毅能达金融信息股份有限公司
600192675	业务资产重组	拓斯达
600192980	资产负面	富力
600193084	业务资产重组	炼石有色
600193084	股票转让-股权受让	顺丰投资
600193610	业务资产重组	天风证券
600193611	股票转让-股权受让	广州金融控股集团有限公司
600193635	涉嫌违法	新富资本
600193985	资金紧张	前海开源基金
600194045	债务违约	营口银行
600194065	业务资产重组	方正东亚信托
600194274	涉嫌违法	百货公司
600194294	业务资产重组	越秀金控
600194294	业务资产重组	中信证券
600194325	业务资产重组	斯太尔
600194369	债务违约	康得投资集团
600194629	业务资产重组	辛选投资
600194691	业务资产重组	奥迪威
600194931	涉嫌违法	新华医疗
600195113	业务资产重组	世纪游轮
600195150	业务资产重组	比亚迪电子
600195168	股票转让-股权受让	鞍钢股份
600195372	股票转让-股权受让	上海菁聚金投资管理合伙企业
600195435	股票转让-股权受让	昆明机床
600195539	业务资产重组	上海莱士
600195767	涉嫌违法	拉勾
600195952	商业信息泄露	深圳市路畅科技股份有限公司
600196001	业务资产重组	红宇新材
600196726	涉嫌违法	金亚科技
600197077	业务资产重组	中江地产
600197186	业务资产重组	美联储
600197296	实际控制人涉诉仲裁	华文包装
600197352	债务违约	德邦证券
600197440	涉嫌违法	PE
600197792	实际控制人变更	成都市新筑路桥机械股份有限公司
600197965	业务资产重组	全国股转公司
600197994	财务信息造假	北银消费金融
600198058	业务资产重组	神农基因
600198147	业务资产重组	德新交运
600198187	债务重组	楚昌投资
600198192	资金紧张	河北汇金机电股份有限公司
600198287	债务违约	阳谷农商行
600198353	涉嫌违法	慧球科技
600198394	涉嫌违法	招行
600198612	履行连带担保责任	诺普信
600198825	业务资产重组	首创集团
600198860	财务信息造假	中弘股份
600198992	业务资产重组	债权投资
600198997	业务资产重组	西藏药业
600199156	业务资产重组	明亚保险经纪股份有限公司
600199450	业务资产重组	乐心医疗
600199515	涉嫌违法	宜信财富
600199672	实际控制人变更	沣石恒达
600199672	实际控制人变更	沣能投资
600199768	财务信息造假	美国安 然公司
600199804	业务资产重组	宝能系
600199814	投诉维权	康宏财富投资管理公司东莞分公司
600199832	业务资产重组	财联社
600200156	债务违约	社保基金
600200185	业务资产重组	华泰证券
600200362	业务资产重组	宁夏中银绒业股份有限公司
600200384	业务资产重组	太平洋证券
600200415	债务重组	中弘控股股份有限公司
600200439	涉嫌违法	中金
600200439	涉嫌违法	中金公司
600200471	债务违约	大唐发电
600200752	涉嫌违法	浙商财险
600200877	股票转让-股权受让	海虹控股
600200887	债务违约	豫金刚石
600201087	涉嫌违法	海联讯
600201263	业务资产重组	宝洁
600201279	资产负面	南通嘉禾
600201433	涉嫌违法	万家文化
600201521	业绩下滑	嘉银金科
600201656	财务信息造假	华泽钴镍
600201962	财务信息造假	广东广州日报传媒股份有限公司
600202072	涉嫌违法	丰利科技
600202072	涉嫌违法	丰利创投
600202072	涉嫌违法	丰利财富
600202133	资金紧张	歌尔股份
600202414	业务资产重组	ST宏盛
600202523	商业信息泄露	浙江吉利控股集团有限公司
600202523	商业信息泄露	浙江吉利汽车研究院有限公司
600202664	涉嫌违法	大公资信
600202771	债务重组	铁物资
600202935	涉嫌违法	ST长生
600203161	债务违约	宜信财富
600203469	涉嫌非法集资	代币
600203539	业务资产重组	汇绿生态科技集团股份有限公司
600203598	业务资产重组	獐子岛
600203690	资金紧张	奥特迅
600203786	涉嫌违法	六大行
600204007	业务资产重组	国开证券
600204090	评级调整	中兴通讯
600204195	财务信息造假	五洋建设
600204205	涉嫌违法	永安行
600204221	业务资产重组	美腕科技
600204305	履行连带担保责任	广东嘉达早教科技股份有限公司
600204577	业务资产重组	中国中铁
600204913	涉嫌违法	华泽钴镍
600205331	业务资产重组	格力电器
600205394	债务违约	朗福置业
600205479	实际控制人变更	天夏智慧
600205632	业务资产重组	万胜智能
600205905	债务违约	天誉置业（控股）有限公司
600205912	业务资产重组	重庆百货
600205977	资金紧张	农银汇理基金公司
600205991	高管负面	中信证券
600206052	涉嫌违法	招行
600206347	实际控制人变更	山东共达电声股份有限公司
600206347	股票转让-股权受让	潍坊爱声声学科技有限公司
600206434	债务违约	博源控股
600206509	股票转让-股权受让	芯晟租赁
600206544	实际控制人变更	泰禾投资
600206634	实际控制人变更	市政集团
600207350	涉嫌违法	ST岩石
600207438	债务重组	中国铁物
600207725	业务资产重组	QFII
600207936	涉嫌违法	暴风集团
600208160	债务违约	力帆控股
600208396	实际控制人变更	格力电器
600208585	债务重组	AMC
600208636	业务资产重组	华侨城
600208896	股票转让-股权受让	福建建工集团有限责任公司
600208939	涉嫌违法	火溶信息
600209023	实际控制人变更	广东正业科技股份有限公司
600209034	债务违约	保定天威
600209062	涉嫌违法	饿了么
600209216	业务资产重组	印纪传媒
600209315	歇业停业	德邦证券
600209324	资金紧张	康宏金融
600209350	业务资产重组	乐视网
600209355	业务资产重组	复星集团
600209815	业务资产重组	腾讯
600209844	履行连带担保责任	信威集团
600209844	履行连带担保责任	金华融信
600209882	资金紧张	华策影视
600209970	涉嫌违法	海右石化
600210059	涉嫌违法	OKEX数字货币交易所
600210305	股票转让-股权受让	耀能控股
600210305	股票转让-股权受让	KKR
600210389	股票转让-股权受让	联创投资
600210389	业务资产重组	友利控股
600210439	实际控制人涉诉仲裁	重庆家富健康产业有限公司
600210459	高管负面	建峰化工
600210494	涉嫌违法	中国证监会
600210543	资金紧张	东旭光电
600210556	股票转让-股权受让	富春通信
600210562	债务违约	长江证券
600210718	股票转让-股权受让	沱牌舍得集团
600210782	业务资产重组	汉能
600210848	涉嫌违法	四川信托
600210986	债务重组	九州通
600210986	债务重组	楚昌投资
600210986	债务重组	信达资产
600211013	债务重组	信达
600211013	债务重组	楚昌投资
600211028	业务资产重组	小康股份
600211094	涉嫌违法	广州e贷
600211312	股票转让-股权受让	云南国际信托有限公司
600211659	投诉维权	中牧股份
600211854	股票转让-股权受让	财联社
600211960	股票转让-股权受让	君隆资产
600212092	股票转让-股权受让	乐视网
600212096	履行连带担保责任	st盛润
600212184	业务资产重组	巴士在线
600212332	财务信息造假	普莱德
600212540	歇业停业	新光控股
600212738	履行连带担保责任	乐视体育
600212921	业务资产重组	苹果公司
600213052	业务资产重组	ST凯迪
600213323	债务违约	三江水电
600213381	失联跑路	伞型信托
600213439	业务资产重组	江海证券
600213452	实际控制人变更	ST蒙发
600213529	股票转让-股权受让	鹏博士
600213656	实际控制人变更	中弘股份
600213717	业务资产重组	交融租赁
600213722	涉嫌违法	宝利国际
600213758	实际控制人涉诉仲裁	斯太尔动力股份有限公司
600214149	实际控制人涉诉仲裁	元亨利珠宝股份有限公司
600214235	债务违约	海航旅游集团
600214280	业务资产重组	国海证券
600214317	业务资产重组	万润科技
600214407	财务信息造假	欣泰电气
600214543	业务资产重组	华夏幸福
600214543	业务资产重组	600
600214661	业务资产重组	江苏信托
600214788	债务重组	新疆吉创资产管理有限公司
600214829	债务违约	金科股份
600214861	商业信息泄露	苹果公司
600214909	业务资产重组	爱康科技
600215275	资金紧张	紫鑫药业
600215321	业务资产重组	中牧股份
600215333	实际控制人变更	信威集团
600215333	实际控制人变更	信威
600215543	债务违约	天神娱乐
600215576	高管负面	中毅达
600215935	财务信息造假	康得新
600215935	财务信息造假	康美药业
600215935	财务信息造假	辅仁药业
600216094	涉嫌违法	上海证券交易所
600216185	资金紧张	庞大集团
600216410	业务资产重组	宝能系
600216410	涉嫌违法	宝能
600216442	涉嫌违法	龙发制药
600216485	业务资产重组	兴业金融租赁公司
600216523	股票转让-股权受让	平安
600216749	涉嫌违法	慧球科技
600216777	财务信息造假	温得乙
600216828	债务违约	稳盈-e享计划
600217101	业务资产重组	宝塔石化集团有限公司
600217190	业务资产重组	江西华源新材料股份有限公司
600217203	债务违约	华泰证券
600217283	债务违约	招商基金
600217305	业务资产重组	茅台集团
600217325	债务违约	绿城
600217391	实际控制人变更	中信协诚
600217401	涉嫌违法	丹东欣泰电气股份有限公司
600217504	业务资产重组	泸州老窖
600217682	业务资产重组	金利科技
600217694	业务资产重组	融资租赁公司
600217735	债务违约	SPI绿能宝
600217902	股票转让-股权受让	中国中药
600218004	涉嫌违法	实地集团
600218286	业务资产重组	蓝帆医疗
600218328	实际控制人变更	金杯汽车股份有限公司
600218955	业务资产重组	交行集团
600219122	业务资产重组	华资实业
600219158	提现困难	中民投
600219582	业务资产重组	江西华源新材料股份有限公司
600219730	财务信息造假	五洋建设集团股份有限公司
600219904	实际控制人涉诉仲裁	安信信托股份有限公司
600220139	债务违约	精功集团
600220191	财务信息造假	红木信托
600220224	业务资产重组	中兴通讯
600220284	业务资产重组	美的
600220356	业务资产重组	REITs
600220375	财务信息造假	永顺生物
600220604	债务重组	中弘股份
600220794	业务资产重组	兴业银行
600220988	业务资产重组	重庆钢铁
600221529	歇业停业	金万达公司
600221868	业务资产重组	上海证券交易所
600222039	财务信息造假	*ST康得
600222102	业务资产重组	河南思维自动化设备股份有限公司
600222286	业务资产重组	中南文化
600222335	业务资产重组	天江药业
600222516	财务信息造假	立信所
600222579	业务资产重组	长江证券
600223289	财务信息造假	康得新
600223289	财务信息造假	康美药业
600223289	财务信息造假	辅仁药业
600223480	债务重组	大显集团
600223480	业务资产重组	信达资产
600223656	履行连带担保责任	山东浙鲁投资担保有限公司
600223704	股票转让-股权受让	长沙丰泽
600223838	涉嫌违法	开鑫金服
600224208	业务资产重组	辉山乳业
600224492	财务信息造假	莱商银行
600224532	商业信息泄露	Facebook
600224602	业务资产重组	康达尔
600224709	股票转让-股权受让	中信股份
600224709	实际控制人变更	隆平高科
600224772	业务资产重组	益丰大药房连锁股份有限公司
600224911	业务资产重组	东北证券
600224924	债务违约	中弘股份
600225156	涉嫌非法集资	深大通
600225251	债务违约	康得新
600225431	业务资产重组	山鼎设计
600225565	债务违约	金江地产
600225823	实际控制人变更	长园集团
600225997	涉嫌违法	酒鬼酒
600226028	债务违约	莱茵达
600226185	涉嫌违法	立讯精密
600226379	业务资产重组	舜船
600226844	涉嫌违法	互联网信息办公室
600226857	履行连带担保责任	哈尔滨工大高新技术产业开发股份有限公司
600227012	股票转让-股权受让	三鼎控股
600227082	实际控制人变更	同洲电子
600227495	实际控制人涉诉仲裁	银隆
600227594	实际控制人变更	恒立实业
600227713	业务资产重组	赛特斯
600227801	业务资产重组	长城资产
600227969	涉嫌违法	百度百盈
600227994	股票转让-股权受让	拓维信息
600228271	债务违约	*ST印纪
600228466	债务重组	大富配天投资
600228472	业务资产重组	派思股份
600228507	业务资产重组	广州基金
600228558	歇业停业	*ST恒立
600228653	业务资产重组	移民帮
600228819	涉嫌非法集资	中债资信金融
600228836	业务资产重组	交通银行
600228880	商业信息泄露	facebook
600228884	实际控制人涉诉仲裁	同洲电子
600228977	歇业停业	瑞幸咖啡
600229041	业务资产重组	世界星辉
600229197	资金紧张	泰豪科技
600229612	涉嫌违法	利之星
600229690	涉嫌违法	康得新
600229699	财务信息造假	*ST钒钛
600229826	履行连带担保责任	焦作中小企业担保投资有限公司
600230058	业务资产重组	中国神华
600230064	业务资产重组	ST凯迪
600230106	业务资产重组	金瑞矿业
600230148	业务资产重组	红宇新材
600230407	涉嫌违法	南江B
600230436	涉嫌违法	武昌鱼
600230441	资产负面	东方金钰
600230509	履行连带担保责任	中珠集团
600230548	商业信息泄露	ofo
600230937	债务违约	苏州银行
600230994	投诉维权	盛洋科技
600231109	财务信息造假	中核国财
600231325	业务资产重组	万胜智能
600231325	业务资产重组	凯石机电
600231483	资金紧张	保利
600231507	债务违约	刚泰控股
600231507	履行连带担保责任	刚泰控股
600231550	实际控制人涉诉仲裁	华塑控股股份有限公司
600231580	履行连带担保责任	北京银行
600231971	业务资产重组	乐视
600231971	资金紧张	乐视
600231971	股票转让-股权受让	融创
600232057	股票转让-股权受让	全通教育
600232278	业务资产重组	浙江盾安
600232297	业务资产重组	ST华菱
600232540	涉嫌违法	辉丰股份
600232584	投诉维权	千山药机
600232586	实际控制人变更	中国联合网络通信股份有限公司
600232732	业务资产重组	绵石投资
600232764	债务重组	大富配天投资
600232944	业务资产重组	ST长油
600233059	债务重组	FF
600233094	财务信息造假	海联讯
600233161	涉嫌违法	投服中心
600233372	股票转让-股权受让	腾讯
600233491	业务资产重组	携程
600233640	履行连带担保责任	北京首都航空有限公司
600233657	涉嫌违法	平顶山市盐业管理局
600233674	财务信息造假	西部矿业股份有限公司
600233722	业务资产重组	猛狮科技
600233722	业务资产重组	新奥投资基金管理（北京）有限公司
600233759	涉嫌违法	长春长生生物科技有限责任公司
600233904	业务资产重组	金智科技
600233904	业务资产重组	乾慧能源
600233904	业务资产重组	乾智能源
600234012	歇业停业	云工社
600234110	实际控制人变更	汇丰国际信托
600234308	债务违约	福建众和股份有限公司
600234397	业务资产重组	华西股份
600234432	实际控制人变更	山东山水水泥集团有限公司
600234432	实际控制人变更	中国城市建设控股集团有限公司
600234587	涉嫌违法	特力A
600234745	商业信息泄露	鹤壁市反光材料有限公司
600234768	实际控制人涉诉仲裁	广东嘉达早教科技股份有限公司
600234850	业务资产重组	欧菲光
600234857	业务资产重组	上海移通
600235132	业务资产重组	神农基因
600235138	涉嫌违法	中投公司
600235331	业务资产重组	新时代证券
600235331	业务资产重组	国盛证券
600235391	债务违约	日本财险
600235406	债务违约	多伦
600235427	股票转让-股权受让	莲花健康
600235434	财务信息造假	*ST天宝
600235465	股票转让-股权受让	海澜投资
600235733	债务违约	康得新
600235832	债务违约	皖江金租
600236003	债务违约	华鑫信托
600236071	债务违约	兴业证券
600236139	股票转让-股权受让	万丰奥特控股集团有限公司
600236139	股票转让-股权受让	中融基金
600236225	业务资产重组	全国股转公司
600236341	涉嫌违法	煌上煌
600236360	涉嫌非法集资	中晋
600236803	实际控制人变更	中国核工业建设股份有限公司
600236803	实际控制人变更	中国核工业建设集团有限公司
600236803	实际控制人变更	中国核工业
600236844	财务信息造假	康美药业
600236870	高管负面	松芝股份
600236994	业绩下滑	上海点点乐信息科技公司
600237116	债务违约	新疆中毅达源
600237136	股票转让-股权受让	中国第一汽车股份有限公司
600237259	业务资产重组	水井坊
600237429	涉嫌欺诈	中弘退
600237475	债务违约	三江水电
600237494	债务违约	华业资本
600237580	财务信息造假	中国蓝田
600237580	财务信息造假	蓝田股份
600237699	涉嫌违法	ST博元
600237953	资金紧张	华映
600238363	业务资产重组	国泰君安
600238786	债务违约	兴业证券
600238903	债务违约	朗福置业
600238919	歇业停业	火橙股份
600239162	歇业停业	恒大人寿
600239431	歇业停业	乐视网
600239610	商业信息泄露	江苏索普化工股份有限公司
600239730	业务资产重组	九州证券
600239788	债务违约	沈阳星狮房地产开发公司
600239986	业务资产重组	麦高控股
600239986	业务资产重组	天信投资
600239986	业务资产重组	苏河汇
600239994	业务资产重组	莱茵达租赁
600240293	债务违约	美邦服饰
600240336	业务资产重组	陕西金叶科教集团股份有限公司
600240351	股票转让-股权受让	阿里巴巴
600240360	业务资产重组	上海电气
600240374	实际控制人涉诉仲裁	西藏银河科技发展股份有限公司
600240430	业务资产重组	清华控股
600240445	涉嫌欺诈	康宏财富
600240594	涉嫌违法	久其软件
600241050	债务违约	安信信托
600241331	财务信息造假	国盛证券
600241347	财务信息造假	康得新
600241347	财务信息造假	康美药业
600241347	财务信息造假	辅仁药业
600241543	业务资产重组	宏达新材
600241678	涉嫌欺诈	金亚科技
600241776	债务违约	长江资管公司
600241876	财务信息造假	莱商银行
600241922	财务信息造假	康美药业
600242033	债务违约	安信信托
600242033	债务违约	600816
600242080	履行连带担保责任	华鼎股份
600242130	业务资产重组	中国东方
600242285	涉嫌违法	挖金客
600242323	财务信息造假	康美药业
600242406	歇业停业	中弘股份
600242443	股票转让-股权受让	益阳高新
600242509	资金紧张	中海油服
600242515	股票转让-股权受让	市北高新
600242702	业务资产重组	中国联通
600242726	股票转让-股权受让	上海雁塔科技
600242726	股票转让-股权受让	雁塔科技
600242741	资产负面	国盛资管
600242868	高管负面	万达集团
600243087	歇业停业	中科云网
600243164	债务违约	凯迪生态
600243179	业务资产重组	金浦新朋
600243519	股票转让-股权受让	湖南信托
600243568	业务资产重组	金瑞矿业
600243674	财务信息造假	南纺股份
600243912	履行连带担保责任	泰禾投资
600243964	财务信息造假	尔康制药
600244043	业务资产重组	九好集团
600244058	业务资产重组	宏磊股份
600244085	股票转让-股权受让	方正证券
600244109	业务资产重组	星期六
600244342	涉嫌违法	*ST尤夫
600244442	涉嫌非法集资	金交所
600244649	股票转让-股权受让	融创中国
600244723	涉嫌违法	恒泰证券股份有限公司
600244734	涉嫌违法	古辛斯基
600244745	业务资产重组	中路股份
600244797	股票转让-股权受让	三圣特材
600244842	债务重组	中国铁物
600244842	债务重组	长城资产
600244866	债务违约	电建地产
600244922	财务信息造假	中毅达
600245180	涉嫌违法	北京金融资产交易所
600245194	涉嫌违法	CME
600245270	资金紧张	龙软科技
600245427	财务信息造假	欣泰电气
600245655	商业信息泄露	华住集团
600245865	股票转让-股权受让	格力地产
600246511	股票转让-股权受让	誉衡药业
600246667	实际控制人变更	汇添富基金
600246699	实际控制人变更	阳光城
600246926	资金紧张	平安银行
600246997	债务违约	中弘股份
600247171	业务资产重组	中信证券
600247182	实际控制人涉诉仲裁	东莞市勋达投资管理有限公司
600247236	业务资产重组	澄怀科技
600247248	涉嫌违法	乐视网
600247439	业务资产重组	*ST河化
600247443	财务信息造假	西藏旅游
600247444	业务资产重组	招行
600247528	业务资产重组	中弘股份
600247763	业务资产重组	上海斐讯数据通信技术有限公司
600247764	涉嫌违法	博信智通（苏州）科技有限公司
600247854	业务资产重组	明宇集团
600247897	涉嫌欺诈	尼古拉
600248268	实际控制人涉诉仲裁	浙江广厦股份有限公司
600248495	歇业停业	中科招商
600248585	实际控制人变更	国旅联合
600248937	股票转让-股权受让	申万秋
600249036	业务资产重组	东方精工
600249093	履行连带担保责任	山东索力得焊材股份有限公司
600249113	业务资产重组	牧原股份
600249190	债务违约	金融街
600249277	商业信息泄露	中国工商银行股份有限公司
600249537	业务资产重组	神华集团有限责任公司
600249631	歇业停业	珠海市博元投资股份有限公司
600249851	涉嫌欺诈	钜富金融集团
600249904	歇业停业	火币网
600249904	歇业停业	OKcoin币行
600250003	涉嫌违法	开鑫贷
600250367	歇业停业	上海家化
600250446	实际控制人变更	莱芜市经济开发投资有限公司
600250593	资产负面	深圳瑞莱嘉誉投资企业
600250815	业务资产重组	世纪游轮
600251085	涉嫌违法	南长安街壹号
600251090	业务资产重组	上海移通
600251600	实际控制人变更	国星光电
600252077	实际控制人变更	ST百特
600252167	债务违约	中国
600252402	债务违约	华融证券
600252605	业务资产重组	CMGE Technology Group
600252682	业务资产重组	武汉股权托管交易中心
600252775	财务信息造假	年富供应链
600252890	债务违约	泰禾
600252992	业务资产重组	大立科技
600253142	业务资产重组	大晟文化
600253144	债务违约	*ST印纪
600253191	财务信息造假	康美药业
600253385	资金紧张	中安消
600253425	业务资产重组	深圳市宇顺电子股份有限公司
600253522	债务违约	雨润食品
600253855	业务资产重组	顺丰投资
600253855	业务资产重组	元禾重元
600254054	业务资产重组	长江证券
600254089	涉嫌欺诈	宁波东力
600254317	涉嫌违法	乐视网
600254384	财务信息造假	五洋建设
600254495	债务违约	天翔环境
600254538	履行连带担保责任	普仁集团
600254553	债务违约	天津市天港建设开发有限公司
600254632	业务资产重组	永安通鼎
600254849	资产负面	泰禾
600254894	业务资产重组	中金公司
600254912	股票转让-股权受让	北京蓝色光标品牌管理顾问股份有限公司
600255011	歇业停业	*ST印纪
600255387	债务违约	新疆海龙化纤股份有限公司
600255630	业务资产重组	财信发展
600256317	业务资产重组	新光集团
600256378	债务违约	安钢集团
600256511	债务违约	国泰君安
600256666	财务信息造假	德国大众汽车公司
600256946	股票转让-股权受让	银保监会
600257160	业务资产重组	华联锌铟
600257179	履行连带担保责任	天安财险肇庆中心支公司
600257301	股票转让-股权受让	世纪华通
600257414	业务资产重组	内江鹏翔
600257439	涉嫌违法	欣泰电气
600257571	债务违约	新昌集团控股
600258038	债务重组	美好绿建
600258047	债务违约	一汽股份
600258121	资产负面	欧神诺
600258180	业务资产重组	北京字节跳动
600258521	业务资产重组	恒生电子
600258532	股票转让-股权受让	ST尤夫
600258545	资金紧张	华塑控股
600258647	实际控制人涉诉仲裁	宝塔石化
600258723	资金紧张	融资租赁公司
600258851	提现困难	绿能宝
600259118	业务资产重组	新华网
600259143	业务资产重组	唐人神
600259242	涉嫌非法集资	上海融资租赁行业协会
600259313	高管负面	中央商场
600259321	涉嫌违法	中国东方资产管理股份有限公司
600259330	实际控制人变更	恒泰艾普
600259569	债务违约	安信信托
600259651	履行连带担保责任	金贵银业
600259759	实际控制人变更	加加食品
600259842	涉嫌违法	赢合科技
600259847	实际控制人涉诉仲裁	福达合金材料股份有限公司
600259984	资产负面	汇友电气
600260093	股票转让-股权受让	阿里
600260093	业务资产重组	苏宁云商
600260143	资金紧张	中诚信国际
600260157	财务信息造假	欣泰电气
600260295	涉嫌违法	恒生电子
600260295	涉嫌违法	恒生网络
600260666	履行连带担保责任	牡丹江牡丹江恒丰纸业股份有限公司集团有限责任公司
600260857	投诉维权	加拿大皇家银行财富管理公司
600260897	股票转让-股权受让	中信证券
600260916	履行连带担保责任	厦门鑫旺经济开发有限公司
600260927	债务违约	三菱商事
600260939	业务资产重组	东方财富证券
600261057	业务资产重组	力源信息
600261149	涉嫌违法	招商银行
600261150	资金紧张	绍兴银行
600261271	实际控制人涉诉仲裁	华平信息技术股份有限公司
600261334	业务资产重组	软银集团
600261424	资产负面	冠福股份
600261482	资产负面	亿阳集团
600261652	业务资产重组	海南海德实业股份有限公司
600261814	履行连带担保责任	阳光城
600261845	资金紧张	乐视网
600262087	涉嫌违法	净值标
600262234	股票转让-股权受让	深圳市通维投资合伙企业（有限合伙）
600262238	业绩下滑	GQY视讯
600262295	涉嫌非法集资	e租宝
600262478	债务重组	华融晋商
600262546	商业信息泄露	维维股份
600262763	股票转让-股权受让	白云山
600262855	涉嫌违法	国海
600263011	资产负面	浙江翰晟
600263395	涉嫌违法	五矿资本
600263548	业务资产重组	华鑫证券
600263592	投诉维权	深圳市冠石资产管理有限公司
600263592	债务违约	中泰证券
600263771	业务资产重组	华西股份
600263828	财务信息造假	皖江物流
600263883	股票转让-股权受让	拓维信息
600263965	债务违约	光一科技
600264153	业务资产重组	君隆资产
600264478	履行连带担保责任	泰禾
600264696	资金紧张	ST德奥
600264883	涉嫌违法	大洋生物
600264937	债务违约	安信信
600265176	债务违约	弘高中太公司
600265521	歇业停业	昆明机床
600265614	业务资产重组	积木控股
600265718	财务信息造假	康美药业
600265837	实际控制人变更	莱茵控股
600265964	业务资产重组	北京信威科技集团股份有限公司
600266092	业务资产重组	罗曼股份
600266098	业务资产重组	东海证券
600266358	业务资产重组	恒大地产
600266408	业务资产重组	卓成兴业有限公司
600266513	涉嫌非法集资	草根投资
600266951	债务违约	农行
600267095	资金紧张	世联行
600267099	涉嫌违法	*欣泰
600267177	歇业停业	雁塔科技
600267411	债务重组	楚昌投资
600267598	实际控制人涉诉仲裁	浙江仁智股份有限公司
600267624	业务资产重组	遥望网络
600267734	债务违约	山西盛农
600267926	业务资产重组	金一文化
600268084	财务信息造假	天夏智慧
600268353	业务资产重组	泰禾
600268372	股票转让-股权受让	凌云股
600268461	债务重组	楚昌投资
600268550	债务违约	方正富邦基金
600268556	业务资产重组	东北证券
600268880	涉嫌违法	敏华
600268989	债务违约	绿城中国银行
600269100	债务违约	云南煤化工集团有限公司
600269313	业务资产重组	TCL集团
600269313	业务资产重组	TCL金控
600269342	涉嫌违法	中国银行保险监督管理委员会
600269575	商业信息泄露	宁波理工监测科技股份有限公司
600269575	商业信息泄露	宁波理工环境能源科技股份有限公司
600269701	财务信息造假	东方精工
600269718	股票转让-股权受让	中南文化
600269767	交易违规	泰康人寿
600269823	业务资产重组	怡创科技
600269825	业务资产重组	新城控股集团
600269885	涉嫌违法	陕西红旗乳业科技有限公司
600270016	业务资产重组	深圳惠程
600270121	资金紧张	乐视
600270217	业务资产重组	北斗星通
600270428	涉嫌违法	宏达新材
600270556	实际控制人变更	唐德影视
600270653	实际控制人变更	合力泰
600270653	股票转让-股权受让	信息集团
600270946	财务信息造假	皖江物流
600270980	业务资产重组	紫光集团
600271684	股票转让-股权受让	融创
600271820	业务资产重组	复星集团
600271829	商业信息泄露	国美电器
600271903	债务违约	香雪制药
600272101	商业信息泄露	吉利
600272119	财务信息造假	欣泰电气
600272170	业务资产重组	永安资本
600272327	股票转让-股权受让	恒大人寿
600272410	债务违约	东北特钢
600272595	涉嫌违法	鲜言
600272638	涉嫌违法	*ST康得
600272654	股票转让-股权受让	中国平安
600272654	股票转让-股权受让	平安资管
600272695	业务资产重组	万隆光电
600272827	债务重组	陕西坚瑞沃能股份有限公司
600272908	债务违约	康得集团
600272920	股票转让-股权受让	陆金所控股
600272920	股票转让-股权受让	平安海外控股
600272981	履行连带担保责任	天龙公司
600273115	资金紧张	ST长油
600273262	财务信息造假	獐子岛
600273343	涉嫌违法	科融环境
600273377	业务资产重组	穗恒运A
600273390	业务资产重组	广西广电
600273563	业务资产重组	长高集团
600273626	涉嫌违法	ST康得
600273725	业务资产重组	中国人寿
600273922	高管负面	百度
600273966	财务信息造假	泰禾
600273980	业务资产重组	北京信威科技集团股份有限公司
600274091	涉嫌违法	中兵红箭
600274098	股票转让-股权受让	德邦创新
600274262	业务资产重组	京蓝科技股份有限公司
600274345	业务资产重组	红宇新材
600274412	业务资产重组	爱建集团
600274504	涉嫌违法	明天控股
600274504	涉嫌违法	草原糖业
600274625	业务资产重组	贵州银行
600274686	业务资产重组	南钢发展
600274686	业务资产重组	金江炉料
600274747	股票转让-股权受让	信托公司
600274747	股票转让-股权受让	信托计划
600274896	涉嫌非法集资	克拉币
600274896	涉嫌非法集资	万福币
600274896	涉嫌非法集资	马福罗币
600274896	涉嫌非法集资	ICO
600275444	财务信息造假	辉山
600275661	资金紧张	两面针
600275691	财务信息造假	康得集团
600276064	涉嫌违法	中兵红箭
600276126	债务违约	中交地产
600276148	涉嫌违法	融资租赁
600276168	业务资产重组	IBM
600276169	业务资产重组	铜化集团
600276194	债务违约	南京雨润
600276215	资金紧张	荆门汉通
600276306	股票转让-股权受让	保险资产管理公司
600276529	债务违约	中江信托
600276578	业务资产重组	参仙源
600276906	实际控制人变更	岷江水电
600276971	资金紧张	乐视网
600277341	资产负面	亿阳信通
600277477	涉嫌违法	团贷网
600277499	涉嫌违法	欣泰电气
600277558	股票转让-股权受让	金陵控股
600277558	股票转让-股权受让	西藏华富
600277791	业务资产重组	ST宏盛
600278121	业务资产重组	北京七维航测科技股份有限公司
600278173	履行连带担保责任	中国科技国际信托投资有限责任公司
600278250	债务违约	江旅集团
600278266	资金紧张	海润影视
600278322	股票转让-股权受让	亚星化学公司
600278530	实际控制人涉诉仲裁	新阳洲公司
600278595	债务违约	中信固收
600278929	涉嫌违法	金叶珠宝
600278944	商业信息泄露	汇丰银行
600278950	商业信息泄露	广发基金
600279007	实际控制人变更	丽江玉龙旅游股份有限公司
600279030	投诉维权	金融信息
600279228	履行连带担保责任	绿地控股
600279252	歇业停业	宁夏江南集成科技有限公司
600279511	履行连带担保责任	天龙公司
600279560	资金紧张	莱茵置业
600279767	实际控制人变更	南宁百货
600279924	债务违约	中诚信国际
600279955	资金紧张	吉比特
600280218	债务违约	中航光电科技股份有限公司
600280251	债务违约	通裕重工股份有限公司
600280352	债务违约	深圳美丽生态股份有限公司
600280374	业绩下滑	网宿科技
600280470	高管负面	泰禾
600280472	业务资产重组	中国东方
600280516	资金紧张	乐视网
600280609	业务资产重组	德豪润达
600280609	业务资产重组	002005
600280657	履行连带担保责任	广汇集团
600280854	股票转让-股权受让	哈尔滨秋林集团股份有限公司
600280925	业务资产重组	派思股份
600280951	业务资产重组	乐融致新
600280951	业务资产重组	乐视网
600280962	债务违约	刚泰控股
600280999	业务资产重组	北京天科合达半导体股份有限公司
600281107	业务资产重组	富力
600281181	业务资产重组	平安好医生
600281244	业务资产重组	十方优良
600281329	涉嫌违法	梦洁股份
600281377	履行连带担保责任	海滨置业
600281377	债务违约	粤荣租赁
600281545	财务信息造假	康得新
600281634	财务信息造假	广州市依服装有限公司
600281634	财务信息造假	广州市园服装有限公司
600281690	业务资产重组	东方财富Choice
600281723	业务资产重组	华融华侨
600281723	业务资产重组	中国华融
600281881	债务违约	绿地控股
600281881	债务违约	绿地集团
600281947	涉嫌违法	苏格兰皇家银行
600282015	业务资产重组	浙江大洋生物科技集团股份有限公司
600282075	实际控制人涉诉仲裁	匹凸匹公司
600282075	实际控制人涉诉仲裁	匹凸匹公
600282214	财务信息造假	大智慧
600282396	业务资产重组	红旗连锁
600282445	涉嫌违法	保险资产管理
600282487	业务资产重组	河南省国资委
600282564	涉嫌违法	百度
600282594	涉嫌违法	平安资产
600282992	涉嫌违法	欣泰电气
600283309	实际控制人变更	ST酒鬼
600283315	业务资产重组	黄河旋风
600283333	涉嫌违法	深圳市城市管理部门
600283369	债务违约	湖南
600283369	债务违约	湖南千
600283369	债务违约	湖南千山
600283373	业务资产重组	豫园股份
600283492	财务信息造假	蓝田股份
600283492	财务信息造假	蓝田神话
600283672	资金紧张	连云港
600283707	涉嫌欺诈	金亚科技
600283909	债务违约	*ST德奥
600284054	业务资产重组	久其软件
600284070	履行连带担保责任	天龙公司
600284186	涉嫌违法	华安期货
600284186	涉嫌违法	华安期货有限责任公司
600284294	歇业停业	信立泰
600284356	债务违约	河北国隆房地产开发有限公司
600284392	涉嫌违法	欣泰电气
600284523	业务资产重组	海鑫钢铁集团
600284665	财务信息造假	獐子岛
600284847	实际控制人变更	沈机股份
600285439	债务违约	美都能源
600285517	股票转让-股权受让	上海家化
600285550	财务信息造假	参仙源
600285636	债务违约	多氟多
600285647	债务违约	中信
600285759	股票转让-股权受让	晨鸣纸业
600285898	股票转让-股权受让	东方能源
600285898	业务资产重组	国度电投
600285917	债务违约	三鼎控股
600286228	债务违约	中弘股份
600286270	债务违约	华融证券
600286270	债务违约	财达证券
600286782	实际控制人涉诉仲裁	浙江帝龙文化发展股份有限公司
600287096	业务资产重组	博瑞传播
600287164	实际控制人涉诉仲裁	天茂实业集团股份有限公司
600287616	涉嫌违法	坚果理财
600287616	高管负面	澜升集团
600287683	涉嫌欺诈	煌上煌
600287802	债务违约	杭锅股份
600287829	业务资产重组	中国中铁
600288187	涉嫌违法	渤海财险涪陵支公司
600288215	实际控制人涉诉仲裁	深圳东方金钰网络金融服务有限公司
600288384	业务资产重组	浙富控股集团股份有限公司
600288404	业务资产重组	泸州老窖股份有限公司
600288434	涉嫌违法	华创证券
600288456	实际控制人变更	天宸股份
600288601	商业信息泄露	巨鲸财富
600288649	涉嫌违法	华宇公司
600288682	债务违约	三江水电
600288791	实际控制人变更	山东宝莫生物化工股份有限公司
600288813	业务资产重组	海德股份
600289047	业务资产重组	ST宏盛
600289132	业务资产重组	NuGen
600289232	股票转让-股权受让	盈峰控股
600289232	股票转让-股权受让	粤民投
600289232	股票转让-股权受让	绿联君和
600289232	股票转让-股权受让	弘创投资
600289363	业务资产重组	永安行
600289409	业务资产重组	金融租赁公司
600289722	实际控制人涉诉仲裁	亿阳集团
600289722	实际控制人涉诉仲裁	亿阳信
600289795	业务资产重组	苏宁
600289958	财务信息造假	茂硕电源
600290282	商业信息泄露	天津银行
600290426	业务资产重组	当代陆玖
600290483	股票转让-股权受让	北京吉融元通资产管理公司
600290483	股票转让-股权受让	和襄投资
600290495	业务资产重组	南通锻压设备股份有限公司
600290536	财务信息造假	火溶信息
600290705	业务资产重组	东方银星
600290718	实际控制人变更	广州广日股份有限公司
600290769	债务重组	信达资产
600290769	债务重组	楚昌投资
600290813	业务资产重组	参仙源
600290914	股票转让-股权受让	ST生物
600291029	业务资产重组	唐德影视
600291128	业务资产重组	龙大肉食
600291239	业务资产重组	神州优车股份有限公司
600291263	股票转让-股权受让	百润股份
600291619	股票转让-股权受让	万华化学(匈牙利)控股有限公司
600291718	业务资产重组	深圳南山
600291727	实际控制人变更	喜游国旅
600291733	股票转让-股权受让	盈峰控股
600291733	股票转让-股权受让	粤民投
600291733	股票转让-股权受让	绿联君和
600291733	股票转让-股权受让	弘创投资
600291909	业务资产重组	四川浩物机电股份有限公司
600291942	业务资产重组	乐视体育
600292014	实际控制人变更	康恩贝
600292014	股票转让-股权受让	浙江省中医药健康产业集团
600292015	业务资产重组	中邮理财
600292231	涉嫌欺诈	Hindenburg Research
600292311	财务信息造假	博元投资
600292723	业务资产重组	山东能源集团
600292813	涉嫌违法	中国中信集团有限公司
600292861	资金紧张	天宝食品
600292887	债务重组	*ST华业
600292900	业务资产重组	天山生物
600292923	债务违约	汇丰银行北京分行
600292988	资金紧张	康平公司
600293000	财务信息造假	安然公司
600293219	债务重组	郑州航空港兴港投资集团有限公司
600293310	股票转让-股权受让	昆仑万维
600293369	涉嫌非法集资	金融
600293501	业务资产重组	万家乐
600293519	业务资产重组	中青旅控股股份有限公司
600293548	股票转让-股权受让	ST恒立
600293588	履行连带担保责任	乐视网信息技术（北京）股份有限公司
600293623	涉嫌违法	华夏幸福（深圳）运营管理有限公司
600293844	歇业停业	捷安德公司
600293853	股票转让-股权受让	湖南弘德
600293853	实际控制人变更	神农科技
600293866	债务违约	众信昆仑
600294186	涉嫌违法	中石油
600294381	债务违约	万家文化
600294420	实际控制人变更	韶能股份
600294475	股票转让-股权受让	宝马控股
600294625	业务资产重组	宏磊股份
600294632	涉嫌欺诈	58同城
600294639	涉嫌非法集资	西部（
600294928	股票转让-股权受让	苏宁
600294934	业务资产重组	高银地产
600294934	业务资产重组	广东高银
600295043	债务违约	中弘退
600295096	业务资产重组	久其软件
600295324	业务资产重组	欢瑞世纪
600295474	股票转让-股权受让	上海国盛海通股权投资基金合伙企业(有限合伙)
600296024	涉嫌违法	国海证券
600296072	债务违约	东北特钢
600296149	股票转让-股权受让	格力集团
600296418	涉嫌欺诈	上海证券通
600296466	业务资产重组	成都轨道集团
600296520	股票转让-股权受让	中南城投
600296704	股票转让-股权受让	高瓴
600296704	实际控制人变更	珠海格力电器
600297102	股票转让-股权受让	浙江
600297102	业务资产重组	完美在线
600297181	歇业停业	金开利
600297285	涉嫌违法	大洋生物
600297295	业务资产重组	中金公司
600297386	业务资产重组	启奥科技
600297397	业务资产重组	盛大游戏
600297454	高管负面	万科
600297483	业务资产重组	中潜股份
600297609	履行连带担保责任	广州证券
600297952	商业信息泄露	四川川投能源股份有限公司
600298063	股票转让-股权受让	雪松控股
600298063	实际控制人变更	中江信托
600298080	股票转让-股权受让	海南瑞泽
600298184	信批违规	创新医疗
600298303	债务重组	郑州航空港兴港投资集团有限公司
600298394	资金紧张	ST佳电
600298500	业务资产重组	贵州银行
600298648	资金紧张	ST三维
600298763	债务重组	楚昌投资
600298763	债务重组	九州通
600298798	歇业停业	红宇新材
600298842	业务资产重组	华谊兄弟
600298910	债务违约	浙商银行
600298978	涉嫌违法	温得乙
600299107	歇业停业	*ST油服
600299142	实际控制人变更	东莞宜安科技股份有限公司
600299261	债务违约	淮矿现代物流有限公司
600299321	业务资产重组	余姚海吉星农产品批发市场有限公司
600299336	涉嫌违法	多伦股份
600299371	商业信息泄露	山东宝莫生物化工股份有限公司
600299497	业务资产重组	重庆钢铁股份有限公司
600299567	涉嫌非法集资	欧神诺
600299642	债务违约	海淀科技
600299642	业务资产重组	新力金融
600299779	业务资产重组	福建浔兴集团
600299860	债务违约	中弘股份
600299860	债务违约	中弘控股股份有限公司
600299869	业务资产重组	融创
600299880	业务资产重组	中天引控
600299966	涉嫌违法	昆仑
600300010	投诉维权	吉安集团
600300281	涉嫌违法	银川兄弟彩兴化工有限公司
600300408	债务违约	华鑫信托
600300721	股票转让-股权受让	中国航空 控股有限责任公司
600300993	业务资产重组	国有资本运营公司
600300993	业务资产重组	国有资本投资运营公司
600301235	资金紧张	中交地产
600301266	股票转让-股权受让	国祯环保
600301278	业务资产重组	国创高新
600301317	业务资产重组	沈机集团
600301589	财务信息造假	天龙光电
600301716	股票转让-股权受让	盈峰控股
600301716	股票转让-股权受让	粤民投
600301716	股票转让-股权受让	绿联君和
600301716	股票转让-股权受让	弘创投资
600301750	实际控制人涉诉仲裁	金瑞矿业
600301827	债务违约	北讯集团
600301949	涉嫌违法	太平洋资管
600302098	资产负面	ST行悦
600302401	业务资产重组	广东骏亚
600302499	业务资产重组	西安银行
600302599	债务违约	博源
600302736	实际控制人涉诉仲裁	高升控股股份有限公司
600302898	债务违约	永鼎股份
600302964	业务资产重组	华兴源创
600303035	股票转让-股权受让	携程
600303057	履行连带担保责任	北京顺达创业投资担保有限公司
600303261	涉嫌违法	欣泰电气
600303323	涉嫌违法	广州市裕鼎投资有限公司
600303531	业绩下滑	花园生物
600303594	业务资产重组	ST凯迪
600303633	债务违约	五洋建设
600303807	业务资产重组	国科环宇
600304358	涉嫌违法	中国人民银行
600304440	资金紧张	竞天公诚
600304483	股票转让-股权受让	华资实业
600304505	股票转让-股权受让	湖南信托
600304635	业务资产重组	深圳惠程
600304904	业务资产重组	赢时胜
600305121	债务违约	交行
600305161	涉嫌违法	汇丰银行
600305167	资金紧张	中国神华
600305312	债务违约	鸭哥科技
600305781	资金紧张	宝能
600306014	债务违约	天顺久恒
600306050	业务资产重组	春秋航空
600306081	股票转让-股权受让	上海梦冉投资咨询服务中心（有限合伙）
600306144	资产负面	深圳轩鸿
600306281	业务资产重组	隆平高科
600306287	股票转让-股权受让	深圳前海航母投资管理有限公司
600306569	涉嫌违法	百度
600306569	投诉维权	百度
600306607	股票转让-股权受让	新城控股
600307023	涉嫌违法	尔康制药
600307124	债务违约	中弘股份
600307124	债务违约	中弘控股股份有限公司
600307138	涉嫌违法	浔兴
600307177	实际控制人涉诉仲裁	浙江步森服饰股份有限公司
600307246	业务资产重组	四川发展（控股）有限责任公司
600307259	涉嫌违法	CDR
600307369	履行连带担保责任	德源投资
600307369	履行连带担保责任	永泰红磡
600307449	业务资产重组	西部证券
600307454	涉嫌违法	匹凸匹
600307486	业务资产重组	宝钢股份
600307708	业务资产重组	紫光学大
600307711	资金紧张	中民投
600307768	财务信息造假	康美药业
600307822	履行连带担保责任	绿地控股集团有限公司
600307949	涉嫌欺诈	迅雷
600308121	财务信息造假	长电科技
600308375	债务重组	九州通
600308387	股票转让-股权受让	三峡集团
600308387	实际控制人变更	国祯环保
600308572	业务资产重组	致维科技
600309089	业务资产重组	ST德奥
600309331	信批违规	*ST智慧
600309628	业务资产重组	中珠医疗
600309657	债务违约	三江水电
600309843	涉嫌违法	康达尔集团
600310102	财务信息造假	欢瑞世纪
600310133	业务资产重组	百金交
600310195	业务资产重组	方天宜上佳
600310253	资金紧张	华塑控股
600310723	财务信息造假	金亚科技
600310779	涉嫌违法	深圳市中金国瑞基金管理有限公司
600310887	债务违约	精功集团有限公司
600310887	债务违约	精功
600310900	债务重组	楚昌投资
600310900	债务重组	九州通
600310958	实际控制人涉诉仲裁	浙江步森服饰股份有限公司
600311412	股票转让-股权受让	陆金所控股
600311523	业务资产重组	诺亚财富
600311544	资金紧张	ST康美
600311594	股票转让-股权受让	瑞东医药基金
600311594	股票转让-股权受让	礼颐医药基金
600311706	业务资产重组	九好集团
600311742	高管负面	百度
600311747	歇业停业	乐视网
600311972	实际控制人涉诉仲裁	江苏保千里视像科技集团股份有限公司
600312181	业务资产重组	融钰集团
600312428	涉嫌违法	京东东家
600312531	财务信息造假	康美药业
600312543	业务资产重组	ICO
600312559	业务资产重组	安盛天平
600312578	涉嫌非法集资	ICO
600312692	实际控制人涉诉仲裁	乐视网信息技术（北京）股份有限公司
600312721	债务重组	*ST坊展
600312814	业务资产重组	西藏珠峰
600312816	涉嫌违法	证券公司
600313361	涉嫌违法	东方园林
600313527	股票转让-股权受让	江苏今世缘投资管理有限公司
600313585	业务资产重组	中投
600313666	履行连带担保责任	庞大集团
600313713	债务违约	北讯集团
600313839	债务重组	信达资产
600313839	债务重组	楚昌投资
600314012	实际控制人涉诉仲裁	铜陵精达特种电磁线股份有限公司
600314082	实际控制人涉诉仲裁	上海鸿仪投资发展有限公司
600314400	涉嫌违法	申华控股
600314551	涉嫌违法	泰壹环保
600314563	债务违约	万科A
600314714	债务重组	信达资产
600315128	实际控制人涉诉仲裁	浙江步森服饰股份有限公司
600315214	业务资产重组	中信证券
600315251	涉嫌违法	民生银行罗庄支行
600315384	商业信息泄露	丽珠医药集团股份有限公司
600315522	债务违约	华锐风电
600315541	商业信息泄露	360
600315789	业务资产重组	ST天化
600315987	股票转让-股权受让	兴乐集团
600315987	股票转让-股权受让	恒天集团
600316393	业务资产重组	*ST金瑞
600316483	债务重组	郑州航空港兴港投资集团有限公司
600316689	涉嫌非法集资	金融租赁公司
600316743	业务资产重组	中房股份
600316902	实际控制人涉诉仲裁	元亨利珠宝股份有限公司
600316913	业务资产重组	大连国际
600317135	实际控制人涉诉仲裁	铜陵精达特种电磁线股份有限公司
600317172	债务违约	富力地产
600317244	履行连带担保责任	华源集团
600317258	业务资产重组	汇控
600317399	业务资产重组	新三板
600317677	股票转让-股权受让	融创房地产
600317742	涉嫌违法	中鑫富盈
600317743	涉嫌违法	万科公司
600317781	财务信息造假	绍兴银行
600317827	业务资产重组	苏宁环球
600318141	股票转让-股权受让	京基集团
600318260	歇业停业	*ST华信
600318393	财务信息造假	东海证券
600318595	债务重组	郑州航空港兴港投资集团有限公司
600318662	财务信息造假	中联重科
600318742	债务重组	财政部
600318968	资金紧张	郑商所
600319249	债务违约	五洋建设
600319293	歇业停业	奥迪威
600319416	业务资产重组	浙金信托
600319553	债务重组	昊 天公司
600319553	债务违约	昊天公司
600319668	财务信息造假	康美药业
600319728	业务资产重组	首钢股份
600319775	财务信息造假	参仙源
600319792	资金紧张	中弘股份
600319926	股票转让-股权受让	盈峰控股
600319926	股票转让-股权受让	粤民投
600319926	股票转让-股权受让	绿联君和
600319926	股票转让-股权受让	弘创投资
600319928	债务违约	康得集团
600319982	涉嫌违法	久银控股
600319982	涉嫌违法	银纪资产
600319982	涉嫌违法	拥湾资产
600319982	涉嫌违法	富海银涛
600320217	财务信息造假	上游信息
600320253	实际控制人涉诉仲裁	百润股份
600320415	业务资产重组	华融证券
600320535	资金紧张	皇台酒业
600320726	业务资产重组	中升控股
600320953	股票转让-股权受让	盈峰控股
600320953	股票转让-股权受让	粤民投
600320953	股票转让-股权受让	绿联君和
600320953	股票转让-股权受让	弘创投资
600320972	财务信息造假	国美通讯
600321022	涉嫌违法	龙发制药
600321250	涉嫌违法	深圳市明曜投资公司
600321293	履行连带担保责任	宝胜科技创新股份有限公司
600321340	业务资产重组	乐视网信息技术（北京）股份有限公司
600321374	实际控制人变更	日照港股份有限公司
600321521	股票转让-股权受让	深圳市金鹏城投资管理有限公司
600321702	业务资产重组	浙富控股集团股份有限公司
600321715	股票转让-股权受让	长安信托
600321802	歇业停业	千山药机
600322036	涉嫌违法	海信科龙
600322157	实际控制人涉诉仲裁	上海山川置业有限公司
600322157	实际控制人涉诉仲裁	上海融建投资发展有限公司
600322195	财务信息造假	獐子岛
600322310	资产负面	华信泰
600322583	商业信息泄露	Zoom
600322687	涉嫌欺诈	九好集团
600322853	涉嫌违法	钉钉
600322853	涉嫌违法	易信
600322853	涉嫌违法	来电
600322853	涉嫌违法	云之家
600322900	歇业停业	深圳科士达新能源有限公司
600322930	涉嫌违法	鲜言
600322970	股票转让-股权受让	江旅集团
600322974	股票转让-股权受让	北京中科霄云资产管理有限公司
600322989	歇业停业	国星光电
600323014	资金紧张	*ST昆机
600323106	涉嫌违法	鸿特科技
600323236	股票转让-股权受让	上海国盛海通股权投资基金合伙企业(有限合伙)
600323412	债务违约	金银岛
600323454	股票转让-股权受让	上海大丰投资集团有限公司
600323454	股票转让-股权受让	上海大宗投资控股
600323468	实际控制人涉诉仲裁	中海信达担保有限公司
600323552	股票转让-股权受让	红宇新材
600323558	业务资产重组	尤夫股份
600323649	财务信息造假	莱商银行
600323752	股票转让-股权受让	达美航空
600323752	业务资产重组	东航
600323819	业务资产重组	Uber
600323965	业务资产重组	华融证券
600323985	股票转让-股权受让	三湘股份
600324474	业务资产重组	锦州银行
600324619	业务资产重组	海康威视
600324626	实际控制人变更	汇源通信
600324626	实际控制人变更	广州蕙
600324689	履行连带担保责任	乐视汽车
600324806	业务资产重组	ST沈机
600324902	业务资产重组	怀远集团
600324902	业务资产重组	信隆租赁
600324944	业务资产重组	上交所
600325109	债务违约	万科A
600325162	涉嫌违法	中源协和
600325321	涉嫌违法	浙江翰晟
600325321	涉嫌违法	舟山翰晟
600325335	涉嫌违法	恒生网络
600325447	涉嫌违法	中金公司
600325498	业务资产重组	招商局
600325507	股票转让-股权受让	中融国际信托
600325596	业务资产重组	泰晶
600325697	高管负面	ST舍得
600325825	业务资产重组	天泽信息产业股份有限公司
600325951	业务资产重组	必控科技
600325985	业务资产重组	越秀金控
600325985	业务资产重组	中信证券
600326025	债务违约	北汽银翔
600326064	商业信息泄露	中信证券
600326092	失联跑路	投之家
600326126	业务资产重组	江海证券
600326211	业务资产重组	中弘股份
600326217	股票转让-股权受让	正大集团
600326249	债务违约	国泰君安
600326310	股票转让-股权受让	中国中铁
600326344	债务违约	摩根士丹利
600326358	涉嫌违法	工商银行
600326358	债务违约	工商银行
600326607	债务重组	西藏旅游
600326642	业务资产重组	昆吾九鼎
600326908	业务资产重组	乐视网
600327115	业务资产重组	中国移动
600327385	债务违约	美迪围栏厂
600327460	业务资产重组	融汇通金
600327525	业务资产重组	皇氏集团
600327588	债务违约	美国银
600327913	债务违约	波兰共和国
600327920	业务资产重组	杭萧钢构
600327947	财务信息造假	新奥股份
600328086	业务资产重组	南京证券
600328175	股票转让-股权受让	珈伟股份
600328190	业务资产重组	中信证券
600328214	财务信息造假	瑞幸
600328320	债务重组	北方信托
600328334	涉嫌欺诈	中国海洋石油总公司
600328402	涉嫌违法	FOF
600328431	涉嫌违法	东海证券
600328484	债务违约	华谊兄弟
600328593	股票转让-股权受让	汇丰控股
600328635	股票转让-股权受让	新湖中宝
600328640	歇业停业	维诺格拉多夫
600328836	业务资产重组	沈机集团
600328855	业务资产重组	欢瑞世纪
600329151	信批违规	大富科技
600329296	歇业停业	远东资信
600329531	业务资产重组	诗仙太白
600329576	涉嫌违法	五洋建设
600329667	涉嫌违法	元阳县润家生物科技有限公司
600329901	财务信息造假	ST天成
600330104	实际控制人涉诉仲裁	*云南云维股份有限公司
600330186	股票转让-股权受让	富春通信
600330187	业务资产重组	新力金融
600330208	债务重组	投行
600330261	债务违约	信吉公司
600330307	股票转让-股权受让	恒生集团
600330362	债务重组	深圳市大富配天投资有限公司
600330795	涉嫌非法集资	兖矿集团
600330795	涉嫌非法集资	兖煤澳洲
600330824	股票转让-股权受让	北京金融街投资管理有限公司
600330864	股票转让-股权受让	利亚德
600331106	资产负面	国盛资管
600331194	业务资产重组	一汽夏利
600331230	资产负面	国安家
600331316	涉嫌违法	光明新区
600331538	实际控制人涉诉仲裁	东方金钰股份有限公司
600331645	业务资产重组	云南旅游
600331686	业务资产重组	乐视体育
600331687	歇业停业	顺威股份
600331722	股票转让-股权受让	中天城投
600331722	股票转让-股权受让	瑞茂通
600331722	股票转让-股权受让	荣安地产
600331722	股票转让-股权受让	华西股份
600331722	股票转让-股权受让	方大特钢
600331722	实际控制人变更	海际证券
600332017	实际控制人涉诉仲裁	暴风集团股份有限公司
600332193	涉嫌违法	谷歌
600332432	资金紧张	*ST康得
600332432	资金紧张	ST康得
600332488	涉嫌违法	小商品城
600332858	涉嫌违法	欣泰电气
600332912	债务违约	沈机
600332986	实际控制人涉诉仲裁	浙江兴润置业投资有限公司
600332986	实际控制人涉诉仲裁	奉化兴润茗都置业有限公司
600333222	实际控制人涉诉仲裁	宝塔实业
600333222	实际控制人涉诉仲裁	宝塔
600333222	实际控制人涉诉仲裁	宝塔石化
600333388	股票转让-股权受让	开封金控
600333388	实际控制人变更	GQY视讯
600333545	业务资产重组	越秀金控
600333545	业务资产重组	中信证券
600333585	资金紧张	南京丰盛产业
600333645	债务重组	海鑫集团
600333663	实际控制人变更	北京腾信创新网络营销技术股份有限公司
600333904	股票转让-股权受让	西安民生
600333908	业务资产重组	民生通海
600333940	资产负面	南方能源
600333983	业务资产重组	精雷电器
600333999	股票转让-股权受让	金科股份
600334001	涉嫌违法	申华控股
600334034	投诉维权	商汤科技
600334155	业务资产重组	广东宜通世纪科技股份有限公司
600334211	股票转让-股权受让	铜化集团
600334218	财务信息造假	索菱股份
600334266	债务违约	苏州工业园区和顺电气股份有限公司
600334273	业务资产重组	中国建材集团
600334273	业务资产重组	狮头集团
600334378	业务资产重组	中航飞机
600334463	涉嫌违法	华发股份
600334543	涉嫌违法	淘宝
600334778	业务资产重组	金瑞矿业
600334818	实际控制人变更	武昌鱼
600334818	股票转让-股权受让	宜昌长金
600334909	业务资产重组	银江股份
600334909	业务资产重组	300020
600334973	履行连带担保责任	杭州秀山美地农业科技有限公司
600335130	业务资产重组	亚投行
600335218	债务违约	江旅集团
600335347	涉嫌违法	光一科技
600335540	股票转让-股权受让	瑞森投资
600335542	业务资产重组	中航善达
600335586	业务资产重组	皖江物流
600335596	涉嫌违法	欧菲光
600335626	资金紧张	ST盐湖
600335653	涉嫌违法	汉唐公证处
600336016	实际控制人涉诉仲裁	哈尔滨工大高新技术产业开发股份有限公司
600336046	涉嫌违法	匹凸匹
600336055	业务资产重组	中环环保
600336436	涉嫌违法	大公国际
600336438	涉嫌违法	深圳聚合创投资产管理有限公司
600336685	股票转让-股权受让	中天城投
600336685	股票转让-股权受让	瑞茂通
600336685	股票转让-股权受让	荣安地产
600336685	股票转让-股权受让	华西股份
600336685	股票转让-股权受让	方大特钢
600336685	实际控制人变更	海际证券
600336753	股票转让-股权受让	浙商中拓
600336834	债务违约	安信信托
600336834	债务违约	中国民生投资股份有限公司
600336895	债务违约	雏鹰农牧
600336900	涉嫌违法	国盛证券资产管理公司
600337027	歇业停业	深圳互联网金融
600337145	业务资产重组	中国中铁
600337300	业务资产重组	哈尔滨工大高新技术产业开发股份有限公司
600338066	业务资产重组	汇源通信
600338236	实际控制人涉诉仲裁	上海千年工程投资管理有限公司
600338418	债务违约	安信信托
600338480	实际控制人变更	大连友谊(集团)股份有限公司
600338486	涉嫌违法	展唐科技
600338656	资金紧张	优尼斯装备
600339031	财务信息造假	戴尔
600339092	业务资产重组	华夏幸福
600339135	投诉维权	电装
600339241	实际控制人涉诉仲裁	三鼎控股
600339496	歇业停业	众应互联
600339821	实际控制人涉诉仲裁	熊猫金控股份有限公司
600339919	股票转让-股权受让	小米集团
600340087	股票转让-股权受让	中天城投
600340087	股票转让-股权受让	瑞茂通
600340087	股票转让-股权受让	荣安地产
600340087	股票转让-股权受让	华西股份
600340087	股票转让-股权受让	方大特钢
600340087	实际控制人变更	海际证券
600340463	财务信息造假	康美药业
600340729	债务违约	立信德豪
600340750	财务信息造假	匹凸匹
600340775	业务资产重组	蓝帆医疗
600340783	资产负面	加加食品公司
600340811	涉嫌违法	瑞华所
600340846	业务资产重组	联通集团
600341042	涉嫌违法	同花顺基金
600341099	股票转让-股权受让	力源信息
600341194	实际控制人涉诉仲裁	上海杰事杰新材料（集团）股份有限公司
600341260	实际控制人涉诉仲裁	徐州科融环境资源股份有限公司
600341768	业务资产重组	上海临港控股股份有限公司
600341843	高管负面	陆家嘴国际信托有限公司
600341853	资金紧张	ST吉恩
600341993	高管负面	百度
600342031	业务资产重组	新力金融
600342056	业务资产重组	中航善达
600342316	财务信息造假	LED
600342410	涉嫌违法	ST博元
600342600	债务重组	锦州银行
600342797	股票转让-股权受让	格力
600343277	涉嫌非法集资	融源
600343277	股票转让-股权受让	融源瑞康
600343423	财务信息造假	*ST索菱
600343747	涉嫌违法	中国人民银行
600343970	债务违约	国泰君安
600344016	涉嫌违法	ST天成
600344016	涉嫌违法	天成
600344100	业务资产重组	金隅股份
600344134	财务信息造假	中弘股份
600344209	歇业停业	融钰集团
600344265	股票转让-股权受让	莲花健康
600344298	资金紧张	金瑞矿业
600344503	商业信息泄露	同花顺
600344570	股票转让-股权受让	电广传媒
600344633	业务资产重组	乐视网
600344812	业务资产重组	华泽钴镍
600345066	涉嫌违法	国君
600345199	实际控制人变更	金鹰基金
600345347	涉嫌违法	恒生网络
600345744	履行连带担保责任	st盛润
600345748	履行连带担保责任	蓝海思通投资控股（上海）有限公司
600345748	履行连带担保责任	浙江东
600345759	资金紧张	赢合科技
600345788	业务资产重组	上海临港控股股份有限公司
600345871	履行连带担保责任	仁东控股
600345873	资金紧张	舜天船舶
600345922	业务资产重组	粤宏远
600346055	债务重组	FF
600346077	业务资产重组	粤传媒
600346084	债务重组	中国民生投资股份有限公司
600346173	业务资产重组	华安检测
600346226	涉嫌违法	张家港渝农商村镇银行
600346255	资金紧张	华瑞世纪
600346334	资金紧张	雪莱特
600346421	业务资产重组	英大证券
600346602	债务重组	中国华融资产管理股份有限公司上海自贸试验区分公司
600346852	债务违约	大连机床集团
600347007	实际控制人涉诉仲裁	山东鸿源金属容器科技股份有限公司
600347108	债务重组	*ST华信
600347580	资金紧张	丝路基金
600347597	商业信息泄露	美国Lumileds公司
600347597	商业信息泄露	德豪润达
600347854	业务资产重组	龙大
600348015	履行连带担保责任	摩登大道
600348357	资金紧张	恺英网络
600348371	业务资产重组	北京国富大数据资本管理中心
600348617	财务信息造假	五洋建设集团
600348788	债务重组	深圳市大富配天投资有限公司
600348907	债务重组	中国华融资产管理股份有限公司上海自贸试验区分公司
600349062	业务资产重组	中国中铁
600349182	业务资产重组	华泰证券
600349470	涉嫌非法集资	中玺国际
600349634	涉嫌欺诈	香榭丽传媒
600349643	业务资产重组	交行
600349643	股票转让-股权受让	社保基金会
600350379	业务资产重组	世纪华通
600350821	股票转让-股权受让	康达新材
600350829	资金紧张	优尼斯装备
600351178	歇业停业	*ST印纪
600351791	歇业停业	青海春天
600351834	业务资产重组	京东
600351834	业务资产重组	永辉超市
600351846	业务资产重组	天茂集团
600351872	财务信息造假	中水渔业
600351939	业务资产重组	信托
600352133	歇业停业	SEC
600352480	业务资产重组	中海
600352480	业务资产重组	中远
600352638	涉嫌非法集资	ICO
600352676	涉嫌违法	国海证券
600352789	股票转让-股权受让	科融环境
600352840	投诉维权	法尔胜
600353096	资产负面	中弘股份
600353422	股票转让-股权受让	湖南信托
600353683	业务资产重组	瑞幸咖啡
600353878	歇业停业	北京南山投资
600353879	歇业停业	雅捷信息
600353929	业务资产重组	中国东方
600354045	业务资产重组	阿里影业
600354229	涉嫌违法	松芝股份
600354253	股票转让-股权受让	中天城投
600354253	股票转让-股权受让	瑞茂通
600354253	股票转让-股权受让	荣安地产
600354253	股票转让-股权受让	华西股份
600354253	股票转让-股权受让	方大特钢
600354253	实际控制人变更	海际证券
600354392	涉嫌传销	沃克生活信息科技有限公司
600354392	涉嫌传销	沃克生活汽车贸易有限公司
600354392	涉嫌传销	沃克生活电子商务有限公司
600354439	债务违约	*ST吉恩
600354466	涉嫌违法	京基集团
600354705	业务资产重组	团车网
600354727	商业信息泄露	facebook
600354736	业务资产重组	东方证券
600354762	业务资产重组	江苏神通
600354900	股票转让-股权受让	众信昆仑
600355005	财务信息造假	中珠医疗
600355021	实际控制人变更	中国生物
600355034	债务违约	腾邦集团
600355147	业务资产重组	四通股份
600355452	涉嫌违法	交通银行浙江省分行
600355481	涉嫌违法	捷越联
600355640	财务信息造假	上游信息
600355904	业务资产重组	央行
600356122	资金紧张	神州长城
600356194	业务资产重组	挪威主权财富基金
600356256	涉嫌违法	鲜言
600356389	实际控制人涉诉仲裁	恒康医疗集团股份有限公司
600356427	股票转让-股权受让	广州海印实业集团有限公司
600356503	股票转让-股权受让	新农开发
600356503	歇业停业	新疆海龙
600356584	涉嫌非法集资	京东东家
600356793	涉嫌违法	ST博元
600356892	股票转让-股权受让	武钢集团
600356917	涉嫌非法集资	深圳轩鸿
600357158	业务资产重组	杭锅股份
600357286	股票转让-股权受让	当代资管
600357463	业务资产重组	*ST三维
600357469	债务违约	快鹿集团
600357688	业务资产重组	ST金路
600357781	业务资产重组	MSCI
600358224	债务违约	招商证券股份有限公司
600358253	股票转让-股权受让	综艺科技有限公司
600358253	股票转让-股权受让	江苏省高科技产业投资股份有限公司
600358419	资产负面	枫盛阳
600358468	债务违约	春和集团有限公司
600358499	股票转让-股权受让	格力电器
600358510	业务资产重组	万科
600358510	涉嫌违法	万科
600358558	履行连带担保责任	沈机集团昆明机床股份有限公司
600358572	财务信息造假	康美药业
600358645	股票转让-股权受让	中天城投
600358645	股票转让-股权受让	瑞茂通
600358645	股票转让-股权受让	荣安地产
600358645	股票转让-股权受让	华西股份
600358645	股票转让-股权受让	方大特钢
600358645	实际控制人变更	海际证券
600358941	业务资产重组	中体产业
600359010	业务资产重组	招商证券
600359088	涉嫌违法	新城控股
600359099	股票转让-股权受让	中弘股份
600359115	业务资产重组	华英证券
600359158	涉嫌违法	江苏常熟农村商业银行股份有限公司
600359168	业务资产重组	宁波容百新能源科技股份有限公司
600359168	业务资产重组	深圳光峰科技股份有限公司
600359207	涉嫌违法	盈米财富
600359327	歇业停业	香颂
600359370	股票转让-股权受让	云南省国资委
600359370	股票转让-股权受让	新华都集团
600359488	履行连带担保责任	泰禾投资
600359671	债务违约	北京盛元承安资产管理有限公司
600359968	涉嫌违法	北京金融资产交易所
600360072	投诉维权	益丰药房
600360126	实际控制人变更	九鼎集团
600360402	业务资产重组	重庆信托
600360459	股票转让-股权受让	掌趣科技
600360587	业务资产重组	川化股份
600360910	债务违约	新云网
600361224	实际控制人变更	乐视网
600361249	涉嫌违法	融钰集团
600361689	资产负面	中南重工
600361693	业务资产重组	深圳业际光电有限公司
600361726	业务资产重组	东北证券
600361812	涉嫌违法	ST尤夫
600361838	债务违约	康得新
600362173	业务资产重组	五粮液股份公司
600362521	歇业停业	中星技术
600362655	股票转让-股权受让	东莞派生天秤信息科技有限公司
600362658	商业信息泄露	中国工商银行股份有限公司
600362686	资金紧张	龙韵股份
600362941	履行连带担保责任	运盛（上海）实业股份有限公司
600363301	财务信息造假	欣泰电气
600363453	涉嫌违法	华宝油气
600363549	债务违约	派思股份
600363667	歇业停业	山西联盛
600363720	涉嫌违法	投服
600363911	业务资产重组	腾邦国际
600364296	涉嫌违法	花呗
600364545	债务违约	大同证券
600364568	资金紧张	华为
600364568	资金紧张	腾讯
600364661	业务资产重组	国际投行
600364689	业务资产重组	神州长城股份有限公司
600364895	业务资产重组	云南旅游
600365071	业绩下滑	诚迈科技
600365089	实际控制人涉诉仲裁	华昌达智能装备集团股份有限公司
600365381	资金紧张	京能电力
600365381	资金紧张	华宁热电
600365736	业务资产重组	法拉利
600365787	业务资产重组	保千里
600365829	资金紧张	龙韵股
600365829	资金紧张	龙韵股份
600365843	实际控制人涉诉仲裁	辽宁科隆精细化工股份有限公司
600366426	涉嫌违法	汉得信息
600366443	商业信息泄露	Facebook
600366456	资金紧张	方正
600366508	债务违约	印纪娱乐
600366643	业务资产重组	金瑞矿业
600366697	财务信息造假	天安人寿
600366874	涉嫌违法	苏州金龙
600366957	实际控制人涉诉仲裁	乐视控股（北京）有限公司
600367101	涉嫌非法集资	小米
600367518	财务信息造假	雅百特
600367593	涉嫌违法	中国银行
600367620	涉嫌违法	东江环保
600367636	业务资产重组	ST升达
600367672	业务资产重组	星梦工厂
600367844	涉嫌违法	立信
600367966	业务资产重组	西藏珠峰
600367990	资产负面	浙江翰晟
600368048	业务资产重组	建信福泽安泰
600368089	业务资产重组	天风证券
600368231	履行连带担保责任	中超控股
600368263	资产负面	辅仁药业
600368272	履行连带担保责任	嵊州市永宇冲片股份有限公司
600368440	业务资产重组	五粮液
600368474	涉嫌违法	玲珑轮胎
600368716	涉嫌违法	中晋资产
600368727	高管负面	汇丰控股
600369129	实际控制人涉诉仲裁	奥瑞德光电股份有限公司
600369145	涉嫌违法	鲜言
600369157	涉嫌违法	中金
600369453	业务资产重组	ST生物
600369490	债务违约	ST民生冷
600369547	债务违约	皖江金融租赁股份有限公司
600369728	资金紧张	紫鑫药业
600369760	股票转让-股权受让	中源协和
600369840	实际控制人涉诉仲裁	雏鹰农牧集团股份有限公司
600370246	股票转让-股权受让	煌上煌
600370248	履行连带担保责任	广东创富融资担保有限公司
600370248	债务违约	广州金遂建筑工程有限公司
600370258	涉嫌违法	融钰集团
600370339	履行连带担保责任	兆峰陶瓷（泸州）外墙砖有限公司
600370475	业务资产重组	中化岩土
600370802	实际控制人变更	平安大华基金管理有限公司
600370802	股票转让-股权受让	平安信托有限责任公司
600370802	股票转让-股权受让	三亚盈湾旅业有限公司
600370938	债务重组	中弘
600371274	涉嫌违法	祥源文化
600371392	高管负面	新城控股
600371565	实际控制人涉诉仲裁	美年大健康产业控股股份有限公司
600371608	业务资产重组	游莱互动
600372207	债务违约	中弘集团
600372322	涉嫌违法	欣泰电气
600372363	实际控制人涉诉仲裁	宜宾市民生冷链股份有限公司
600372912	业务资产重组	开云集团
600373195	业务资产重组	三五互联
600373247	股票转让-股权受让	中国国新
600373247	业务资产重组	东航集团
600373273	高管负面	阜兴
600373273	涉嫌违法	阜兴
600373372	业务资产重组	全聚德
600373769	资产负面	柳化
600373914	涉嫌违法	诚迈科技
600373935	业务资产重组	我爱我家控股集团股份有限公司
600374035	歇业停业	中体产业
600374068	债务违约	招商证券
600374207	债务违约	中航信托
600374222	财务信息造假	龙韵股份
600374685	涉嫌违法	招商证券
600374725	股票转让-股权受让	鼎立控股集团
600374770	业务资产重组	奔驰租赁
600374869	业务资产重组	微博
600374985	债务违约	同益实业
600375201	履行连带担保责任	福鼎白茶股份有限公司
600375406	股票转让-股权受让	海科融通
600375467	业务资产重组	华大
600376061	履行连带担保责任	新农开发
600376189	业务资产重组	海航控股
600376189	业务资产重组	北部湾航空
600376268	实际控制人变更	万家文化
600376678	涉嫌违法	博道基金
600376762	实际控制人变更	中毅达
600376899	财务信息造假	浙江裕丰
600377253	业务资产重组	FOF
600377263	债务违约	银河可转债
600377439	业务资产重组	天河智造
600377823	财务信息造假	常州市童佳儿童座椅有限公司
600377823	财务信息造假	常州市鼎益车灯有限公司
600377823	财务信息造假	江苏佳贝安儿童用品有限公司
600377891	业务资产重组	力源信息
600377913	歇业停业	亿阳集团股份有限公司
600378086	履行连带担保责任	长江交通科技股份有限公司
600378470	债务违约	南京雨润食品有限公司
600378613	涉嫌违法	金管家
600378900	歇业停业	腾邦国际
600378991	股票转让-股权受让	昆仑朝阳投资
600379119	债务重组	中信建投证券股份有限公司
600379269	业务资产重组	Fila
600379269	业务资产重组	安踏
600379732	业务资产重组	中源协和
600379970	债务违约	澜升集团
600379978	涉嫌违法	恒生网络
600380210	业务资产重组	合力泰
600380374	业务资产重组	京基集团
600380739	实际控制人变更	联讯证券
600380904	商业信息泄露	浙江吉利控股集团有限公司
600380904	商业信息泄露	浙江吉利汽车研究院有限公司
600380929	涉嫌违法	匹凸匹公司
600381065	歇业停业	*ST中发
600381314	涉嫌违法	*ST蒙发
600381430	业务资产重组	新华百货
600381610	业务资产重组	舜船
600381617	资金紧张	美联储
600381691	业务资产重组	东方银星
600381733	业务资产重组	保千里
600381740	业务资产重组	贵州茅台
600381755	债务违约	ST金路
600381817	业绩下滑	国寿
600381837	涉嫌欺诈	山石观市
600381902	财务信息造假	金王集团
600381913	资金紧张	乐视智家
600382028	涉嫌违法	秋实弘仕资管
600382028	涉嫌违法	聚合创投
600382107	实际控制人涉诉仲裁	匹凸匹
600382245	涉嫌违法	凯撒股份
600382370	业务资产重组	海通证券
600382597	业务资产重组	东北特钢
600382661	债务违约	精功集团有限公司
600382737	涉嫌欺诈	钜富金融集团
600382799	债务违约	福建哥仑步户外用品股份有限公司
600382996	财务信息造假	伯克希尔哈撒韦公司
600383145	股票转让-股权受让	龙口市道恩盛融小额贷款股份有限公司
600383177	债务违约	交行
600383314	涉嫌违法	上海大江通泰食品有限公司
600383560	股票转让-股权受让	京基集团
600383636	业务资产重组	万科
600383666	股票转让-股权受让	华夏人寿
600384117	涉嫌违法	国机财务公司
600384137	涉嫌非法集资	国家融资担保基金有限责任公司
600384569	财务信息造假	利源精制
600384575	涉嫌违法	浙金网
600384583	债务违约	神雾环保技术股份有限公司
600384700	债务违约	中国民生投资股份有限公司
600385245	资金紧张	紫鑫药业
600385282	资金紧张	时代中国
600385282	资金紧张	弘阳地产
600385422	财务信息造假	尔康制药
600385662	业务资产重组	未名医药
600385941	涉嫌违法	上海证券通北京分公司
600386155	股票转让-股权受让	南昌产盟投资
600386374	业务资产重组	锡业股份
600386499	涉嫌非法集资	中晋
600386637	财务信息造假	丸美
600386808	资金紧张	信邦制药
600386830	投诉维权	格力
600386893	涉嫌欺诈	上海证券通投资资讯科技北京分公司
600386945	财务信息造假	汤臣倍健
600387377	业务资产重组	通威股份
600387404	股票转让-股权受让	久其软件
600387522	涉嫌欺诈	金亚科技
600387522	财务信息造假	金亚
600387683	业务资产重组	ST恒立
600387913	实际控制人涉诉仲裁	深圳市康达尔（集团）股份有限公司
600387913	实际控制人涉诉仲裁	深圳市深圳市康达尔（集团）股份有限公司
600388169	实际控制人涉诉仲裁	上海宏达矿业股份有限公司
600388208	业务资产重组	深圳华侨城文化旅游科技股份有限公司
600388210	债务违约	中弘股份
600388318	涉嫌非法集资	信利国际
600388427	债务重组	楚昌投资
600388769	资金紧张	嘉能可
600389006	业务资产重组	新时代证券
600389271	股票转让-股权受让	首开股份
600389278	业务资产重组	天齐锂业
600389568	资金紧张	时代中国
600389568	资金紧张	弘阳地产
600389585	业务资产重组	中原证券
600389593	歇业停业	远特科技
600389691	实际控制人涉诉仲裁	恒立实业发展集团股份有限公司
600389750	商业信息泄露	深圳市远望谷信息技术股份有限公司
600389956	实际控制人变更	保千里
600390069	业务资产重组	招商地产
600390238	股票转让-股权受让	中磁资管
600390248	业务资产重组	上海斐讯
600390323	商业信息泄露	浙江吉利控股集团有限公司
600390323	商业信息泄露	浙江吉利汽车研究院有限公司
600390463	股票转让-股权受让	龙薇传媒
600390463	实际控制人变更	万家文化
600390522	业务资产重组	万魔声学
600390688	歇业停业	中毅达
600390761	履行连带担保责任	山东华和投资担保有限公司烟台分公司
600390761	履行连带担保责任	山东华和融资担保有限公司
600390816	业务资产重组	嘉实领航
600390997	债务违约	中江信托
600391071	涉嫌违法	华泽钴镍
600391103	股票转让-股权受让	珠海铧盈投资有限公司
600391244	业务资产重组	同方股份
600391244	业务资产重组	紫光股份
600391244	业务资产重组	诚志股份
600391358	债务违约	*ST吉恩
600391445	涉嫌违法	光大兴陇信托有限责任公司
600391771	债务重组	信达资产
600391797	债务违约	辉山乳业
600391991	股票转让-股权受让	市水务资产公司
600391991	股票转让-股权受让	市城投集团
600391991	股票转让-股权受让	市地产集团
600391995	履行连带担保责任	阳光城
600392135	股票转让-股权受让	华谊兄弟
600392327	业务资产重组	中海油服
600392687	涉嫌违法	当代资管
600392687	涉嫌违法	鹰潭市当代投资集团有限公司
600392687	涉嫌违法	当代控股
600392744	实际控制人变更	重庆商社
600392950	股票转让-股权受让	上海三星半导体
600393354	涉嫌违法	东方网络
600393562	债务违约	青投集团
600393586	财务信息造假	康得新
600393818	股票转让-股权受让	深圳前海华大基因投资企业（有限合伙）
600394003	涉嫌违法	欢瑞世纪
600394051	债务违约	美联储
600394139	业务资产重组	哈尔滨新光光电科技股份有限公司
600394156	资金紧张	北讯集团
600394192	债务重组	东方金钰
600394198	债务违约	中信证券
600394340	业务资产重组	天威集团
600394425	业务资产重组	康得新
600394562	财务信息造假	康美药业
600394631	股票转让-股权受让	中崇集团
600394631	业务资产重组	山钢集团
600394959	股票转让-股权受让	德银
600395002	业务资产重组	满仓
600395064	业务资产重组	格力地产
600395224	实际控制人涉诉仲裁	华平信息技术股份有限公司
600395260	涉嫌违法	富国银行
600395308	债务重组	西藏旅游
600395308	债务重组	西藏国风广告有限公司
600395308	资金紧张	西藏旅游
600395420	实际控制人变更	卫龙商贸
600395547	涉嫌违法	北京瑞邦
600395785	业务资产重组	国盛证券
600395918	业务资产重组	FOF
600396032	债务重组	大富配天
600396032	债务重组	兴港投资
600396066	涉嫌违法	ST百特
600396188	业务资产重组	兴业银行
600396637	涉嫌违法	欣泰电气
600396688	债务违约	东北特钢
600396717	实际控制人变更	佳兆业
600396919	股票转让-股权受让	蕙富博衍
600397005	业务资产重组	中国石化
600397149	债务违约	郴州市
600397149	债务违约	金贵银业股份有限公司
600397536	涉嫌非法集资	中融金服
600397620	股票转让-股权受让	益相龙公司
600397761	业务资产重组	南微医学
600397853	涉嫌违法	参仙源
600397853	涉嫌违法	国泰君安
600397861	业务资产重组	万科
600397921	业务资产重组	海航控股
600397962	债务违约	中泰证券
600398117	业务资产重组	中源协和
600398748	业务资产重组	云南白药
600398748	业务资产重组	云大科技
600398829	债务违约	汇融50
600398906	债务违约	河北国隆房地产开发有限公司
600398961	评级调整	丹东银
600398961	债务违约	丹东港集团
600399030	业务资产重组	光大银行
600399173	涉嫌违法	乐视网
600399278	涉嫌欺诈	普仁
