600100312	财务信息造假	中南文化
600100323	业务资产重组	汇洁股份
600100518	业务资产重组	分众传媒信息技术股份有限公司
600100672	业务资产重组	我爱我家
600100741	涉嫌违法	柳化股份
600101552	业务资产重组	我爱我家
600101573	债务违约	绿城
600101826	涉嫌违法	泰壹环保
600101850	涉嫌违法	熊猫金控股份有限公司
600102262	履行连带担保责任	金立通信
600102346	歇业停业	*ST华泽
600102490	业务资产重组	西藏旅游
600102569	业务资产重组	光大银行
600102684	业务资产重组	九鼎新材
600103377	涉嫌传销	九极生物
600103457	股票转让-股权受让	梧州市东泰国有资产经营有限公司
600103541	债务重组	包钢集团
600103907	业务资产重组	乐视网
600104362	涉嫌违法	乐视网
600104791	商业信息泄露	上海三中院
600104836	债务重组	北京能源集团
600105293	涉嫌欺诈	联合证券
600105293	涉嫌欺诈	广东大华德
600105293	涉嫌欺诈	天银律师事务所
600105572	债务违约	江苏斯太尔
600105722	股票转让-股权受让	格力电器
600106197	涉嫌违法	泸天化集团
600106215	业务资产重组	深圳赛格股份有限公司
600106528	债务违约	保定天威集团有限公司
600106580	实际控制人涉诉仲裁	印纪娱乐传媒股份有限公司
600106801	业务资产重组	洲际油气
600107244	涉嫌违法	中信证券
600107260	债务违约	精功集团
600107529	债务违约	万家文化
600107669	业务资产重组	ST金瑞
600107967	股票转让-股权受让	恒大地产集团有限公司
600108066	涉嫌非法集资	陆金服
600108219	涉嫌违法	沙钢股份
600108355	涉嫌违法	顺鑫农业
600108430	业务资产重组	英大证券
600108576	业务资产重组	卧龙地产
600108676	股票转让-股权受让	格力集团
600108716	股票转让-股权受让	太保产险
600108866	歇业停业	金利股
600108984	高管负面	深圳轩鸿
600108992	业务资产重组	南通锻压设备股份有限公司
600109285	债务违约	乐视网
600111125	业务资产重组	唐德影视
600111355	业务资产重组	新时代证券
600112122	涉嫌违法	奥特迅
600112130	业务资产重组	三鼎控股
600112291	涉嫌违法	鲜言
600112358	涉嫌违法	海龙精密
600112821	业务资产重组	广州恒运企业集团股份有限公司
600113524	实际控制人变更	北京华录百纳影视股份有限公司
600113633	业务资产重组	广州恒运企业集团股份有限公司
600113905	业务资产重组	好利来(中国)电子科技股份有限公司
600114624	实际控制人涉诉仲裁	深圳市同洲电子股份有限公司
600114939	股票转让-股权受让	平安资管
600114939	业务资产重组	招商蛇口
600115971	业务资产重组	东方财富证券
600116009	财务信息造假	长园集团
600116107	业务资产重组	恒逸石化股份有限公司
600116157	实际控制人涉诉仲裁	泰谷生物
600116532	债务重组	北京能源集团
600117088	业务资产重组	中天金融
600117388	财务信息造假	*欣泰
600117671	债务违约	雏鹰农牧
600117825	涉嫌违法	万家文化
600117879	业务资产重组	万通地产
600118430	业务资产重组	桐君阁
600118463	实际控制人涉诉仲裁	郑州彩通科技股份有限公司
600118668	股票转让-股权受让	北京金信融达投资管理有限公司
600118729	业务资产重组	珠江控股
600118922	业务资产重组	南京证券
600118968	实际控制人涉诉仲裁	天马轴承集团股份有限公司
600119312	资金紧张	华谊兄弟
600119448	债务违约	山东海益宝水产股份有限公司
600119448	债务违约	山东玖龙海洋产业股份有限公司
600120316	涉嫌违法	汉麻产业
600120899	业务资产重组	浙富控股
600120993	履行连带担保责任	金立通信
600121397	财务信息造假	中泰证券
600121428	实际控制人涉诉仲裁	匹凸匹公司
600121545	债务违约	国开行
600121792	业务资产重组	银华基金
600121949	债务违约	杭州银行股份有限公司
600121949	实际控制人涉诉仲裁	联发信息技术股份有限公司
600121970	业务资产重组	ST康得
600122430	业务资产重组	北汽产投
600122435	商业信息泄露	延华智能
600122988	实际控制人涉诉仲裁	京汉实业投资股份有限公司
600122988	实际控制人涉诉仲裁	湖北嘉信投资集团有限公司
600123264	实际控制人变更	玉龙股份
600123280	债务违约	刚泰控股
600123334	资产负面	千山药机
600123644	业务资产重组	北京金融资产交易所有限公司
600124022	业务资产重组	金利股份
600124038	业务资产重组	鹏起万里
600124238	实际控制人变更	ST印纪
600124786	实际控制人涉诉仲裁	华业发展（深圳）有限公司
600124953	业务资产重组	常山药业
600125217	业务资产重组	中央汇金投资有限责任公司
600125322	实际控制人涉诉仲裁	四川宏达（集团）有限公司
600125479	业务资产重组	海虹控股
600125571	履行连带担保责任	泰禾投资
600125895	歇业停业	辉山乳业
600126153	涉嫌违法	深圳秋实弘仕资产管理有限公司
600126153	涉嫌违法	深圳聚合创投资产管理有限公司
600126541	债务违约	江苏帝奥
600126998	歇业停业	美盈森
600127141	业务资产重组	井神股份
600127554	涉嫌违法	中注协
600127913	涉嫌违法	华昌达
600127968	歇业停业	朝阳永续
600128024	涉嫌违法	康乐药业
600128441	涉嫌违法	易安财险
600128611	商业信息泄露	深圳前海复金基金管理有限公司
600129213	涉嫌违法	浙江凯胜
600130364	债务违约	青岛海信房地产股份有限公司
600130862	资产负面	梧桐翔宇
600130862	债务违约	德奥通航
600130948	实际控制人涉诉仲裁	湖南发展集团股份有限公司
600130948	实际控制人涉诉仲裁	湖南湘投控股集团有限公司
600131174	实际控制人涉诉仲裁	铭丰包装
600131411	业务资产重组	百盛
600131411	业务资产重组	蚂蚁金服
600131411	业务资产重组	百胜集团
600132146	业务资产重组	陕国投
600132353	涉嫌违法	大公国际
600132687	业务资产重组	高银地产
600132726	股票转让-股权受让	宣亚国际
600133189	履行连带担保责任	小松（中国）融资租赁有限公司
600133522	履行连带担保责任	*ST信通
600133577	涉嫌违法	美盈森
600133730	履行连带担保责任	海南京豪
600134324	涉嫌违法	长生生物
600134529	财务信息造假	华菱钢铁
600134914	业务资产重组	康平投资
600134914	业务资产重组	康平公司
600135065	实际控制人涉诉仲裁	金亚科技股份有限公司
600135066	涉嫌违法	慧球科技
600135173	债务违约	欣泰电气
600135683	债务违约	同孚实业
600135683	履行连带担保责任	ST冠福
600136052	资金紧张	云鹰科技
600136647	财务信息造假	豫能控股
600136802	实际控制人涉诉仲裁	成都市路桥工程股份有限公司
600136944	债务违约	中泰证券
600136973	业务资产重组	鞍重股份
600137152	财务信息造假	湖北蓝田
600137622	履行连带担保责任	宁夏元泰担保有限公司
600137889	债务违约	康得新
600138187	业务资产重组	中国化工
600138187	业务资产重组	中海油
600138187	业务资产重组	万科
600138187	业务资产重组	腾讯
600138187	业务资产重组	安踏
600138187	业务资产重组	海航
600138187	业务资产重组	五矿集团
600138187	业务资产重组	青岛海尔
600139449	债务违约	高银金控
600140375	股票转让-股权受让	福建建工集团有限责任公司
600140441	财务信息造假	立信
600140457	业务资产重组	世纪华通
600140943	业务资产重组	万科
600141283	债务重组	山东能源集团
600141755	资产负面	盛运环保
600142248	实际控制人涉诉仲裁	暴风集团股份有限公司
600143146	财务信息造假	参仙源
600143649	财务信息造假	辉山乳业
600143707	资金紧张	河南彩虹光网络印刷股份有限公司
600143731	债务违约	永泰能源
600143731	履行连带担保责任	永泰集团有限公司
600144021	业务资产重组	美国银行
600144553	业务资产重组	首创证券有限责任公司
600144760	债务违约	中泰证券
600144937	涉嫌欺诈	BISS
600144953	业务资产重组	华大基因
600145097	涉嫌违法	信威集团
600145699	业务资产重组	大晟文化
600145701	财务信息造假	*ST烯碳
600146094	业务资产重组	中国化工
600146094	业务资产重组	中海油
600146094	业务资产重组	万科
600146094	业务资产重组	腾讯
600146094	业务资产重组	安踏
600146094	业务资产重组	海航
600146094	业务资产重组	五矿集团
600146094	业务资产重组	青岛海尔
600146236	业务资产重组	中国化工
600146236	业务资产重组	中海油
600146236	业务资产重组	万科
600146236	业务资产重组	腾讯
600146236	业务资产重组	安踏
600146236	业务资产重组	海航
600146236	业务资产重组	五矿集团
600146236	业务资产重组	青岛海尔
600146300	涉嫌违法	东蓝数码
600146428	履行连带担保责任	中钢投资
600146478	资产负面	湘财证券
600146516	业务资产重组	世联行
600146664	涉嫌违法	中天能源
600146904	债务违约	雷士照明
600146951	业务资产重组	梦洁股份
600147188	业务资产重组	宁波天河水生态科技股份有限公司前锋
600147293	业务资产重组	中国民生投资股份有限公司
600147695	业务资产重组	华鼎股份
600147704	资金紧张	国寿资产
600147780	业务资产重组	我爱我家
600148041	债务违约	彰源科技
600148041	履行连带担保责任	安正
600148041	履行连带担保责任	安正（天津）新材料股份有限公司
600148199	债务违约	中泰证券
600148355	债务重组	皇氏集团
600148424	业务资产重组	世纪游轮
600149069	债务违约	加加食品
600149178	业务资产重组	乐视网信息技术（北京）股份有限公司
600149345	实际控制人变更	新宏泰
600150391	资金紧张	皇台酒业
600150456	业务资产重组	四环生物
600150798	涉嫌违法	融钰集团
600150798	涉嫌违法	中核国财
600151213	提现困难	上恒资产
600151474	债务违约	绿城房地产集团
600151648	财务信息造假	欣泰电气
600152046	涉嫌违法	特力A
600152046	涉嫌违法	得利斯
600152179	债务违约	康得新
600152329	实际控制人涉诉仲裁	地素时尚股份有限公司
600152506	业务资产重组	江苏信托
600152608	业务资产重组	中房股份
600152797	债务违约	乐视
600153639	业务资产重组	中国化工
600153639	业务资产重组	中海油
600153639	业务资产重组	万科
600153639	业务资产重组	腾讯
600153639	业务资产重组	安踏
600153639	业务资产重组	海航
600153639	业务资产重组	五矿集团
600153639	业务资产重组	青岛海尔
600153685	股票转让-股权受让	皇庭基金
600153725	业务资产重组	银河证券
600153938	业务资产重组	中科建业
600153938	业务资产重组	腾邦国际
600154146	履行连带担保责任	盛运环保
600154218	涉嫌欺诈	推特
600154844	股票转让-股权受让	厦门吉宏包装科技股份有限公司
600154919	实际控制人变更	华北制药
600154954	债务违约	中弘控股
600155166	债务违约	永泰能源
600155166	履行连带担保责任	永泰集团有限公司
600155383	业务资产重组	招银资产管理有限责任公司
600155538	业务资产重组	中国化工
600155538	业务资产重组	中海油
600155538	业务资产重组	万科
600155538	业务资产重组	腾讯
600155538	业务资产重组	安踏
600155538	业务资产重组	海航
600155538	业务资产重组	五矿集团
600155538	业务资产重组	青岛海尔
600155629	业务资产重组	云南旅游
600155726	资金紧张	泰禾
600155806	实际控制人变更	Amersports
600155806	股票转让-股权受让	安踏体育
600155887	涉嫌非法集资	联合学院
600156017	股票转让-股权受让	国旅联合
600156300	债务违约	江苏农华智慧农业科技股份有限公司
600156322	债务违约	康得新
600156410	债务违约	云南省国有资本运营有限公司
600156509	业务资产重组	华兴源创
600156570	业务资产重组	中信建投
600156682	涉嫌违法	辽机集团
600156963	股票转让-股权受让	陆金所控股
600157384	资金紧张	中原证券
600157385	债务违约	中国银
600157537	业务资产重组	杭州初灵信息技术股份有限公司
600157758	业务资产重组	华塑控股
600157926	业务资产重组	云南旅游
600158091	业务资产重组	中国化工
600158091	业务资产重组	中海油
600158091	业务资产重组	万科
600158091	业务资产重组	腾讯
600158091	业务资产重组	安踏
600158091	业务资产重组	海航
600158091	业务资产重组	五矿集团
600158091	业务资产重组	青岛海尔
600158134	债务违约	永泰能源
600158134	履行连带担保责任	永泰集团有限公司
600158443	业务资产重组	天音控股
600158974	股票转让-股权受让	中海石油中国
600159379	实际控制人变更	国科环宇
600159386	业务资产重组	卡夫亨氏
600159773	业务资产重组	中国化工
600159773	业务资产重组	中海油
600159773	业务资产重组	万科
600159773	业务资产重组	腾讯
600159773	业务资产重组	安踏
600159773	业务资产重组	海航
600159773	业务资产重组	五矿集团
600159773	业务资产重组	青岛海尔
600160192	涉嫌违法	金龙联合汽车工业（苏州）有限公司
600160214	业务资产重组	博纳影业集团股份有限公司
600160364	业务资产重组	安邦人寿
600160643	股票转让-股权受让	高林（深圳）资本管理有限公司
600160643	股票转让-股权受让	高林厚健（上海）创业投资合伙企业（有限合伙）
600160643	股票转让-股权受让	上海高林固泰创业投资管理有限公司
600160643	股票转让-股权受让	深圳弘泰资本投资有限公司
600160643	股票转让-股权受让	高林资本管理有限公司
600160780	债务违约	秋林集团
600160780	履行连带担保责任	秋林集团
600161597	涉嫌违法	*ST德力
600161597	涉嫌违法	ST德力
600161892	业务资产重组	旺能环境股份有限公司
600162059	财务信息造假	ST康美
600162502	涉嫌违法	万科
600162731	实际控制人涉诉仲裁	北京首商集团股份有限公司
600162731	实际控制人涉诉仲裁	首旅集团
600162813	股票转让-股权受让	康尼机电
600163515	股票转让-股权受让	兴业证券
600163520	债务违约	永泰能源
600163520	履行连带担保责任	永泰集团有限公司
600163977	债务违约	北京东富嘉吉投资管理中心
600164280	债务违约	安信信托
600164300	业务资产重组	科达股份
600164385	业务资产重组	匹凸匹
600164516	履行连带担保责任	广州富力地产股份有限公司
600164898	涉嫌违法	民生银行厦门分行
600164898	涉嫌违法	平安银行
600164995	债务违约	辉山乳业
600165318	业务资产重组	顺丰控股
600165434	业务资产重组	乐视网
600165434	股票转让-股权受让	恒大集团
600165434	股票转让-股权受让	万达集团
600165616	业务资产重组	中国化工
600165616	业务资产重组	中海油
600165616	业务资产重组	万科
600165616	业务资产重组	腾讯
600165616	业务资产重组	安踏
600165616	业务资产重组	海航
600165616	业务资产重组	五矿集团
600165616	业务资产重组	青岛海尔
600166449	实际控制人涉诉仲裁	重庆家富健康产业有限公司
600166578	实际控制人涉诉仲裁	顺航海运
600166578	实际控制人涉诉仲裁	长航凤凰股份有限公司
600166947	财务信息造假	双汇发展
600167442	履行连带担保责任	四川西昌电力股份有限公司
600167630	涉嫌违法	松芝股份
600167853	业务资产重组	辽宁奇辉集团
600167853	业务资产重组	鼎汉电气
600168056	业务资产重组	银信
600168224	债务违约	四川金座
600168513	涉嫌违法	北京金砖国际控股集团有限公司
600168604	债务违约	辉山乳业
600168664	实际控制人变更	金昇实业
600168664	实际控制人变更	卓郎智能技术股份有限公司
600169281	财务信息造假	中泰证券
600169336	债务违约	中信国安
600169351	业务资产重组	依兰(集团)有限公司
600169599	业务资产重组	中国化工
600169599	业务资产重组	中海油
600169599	业务资产重组	万科
600169599	业务资产重组	腾讯
600169599	业务资产重组	安踏
600169599	业务资产重组	海航
600169599	业务资产重组	五矿集团
600169599	业务资产重组	青岛海尔
600169704	股票转让-股权受让	高林（深圳）资本管理有限公司
600169704	股票转让-股权受让	高林厚健（上海）创业投资合伙企业（有限合伙）
600169704	股票转让-股权受让	上海高林固泰创业投资管理有限公司
600169704	股票转让-股权受让	深圳弘泰资本投资有限公司
600169704	股票转让-股权受让	高林资本管理有限公司
600170335	业务资产重组	大成基金
600170535	实际控制人涉诉仲裁	亿阳信通股份有限公司
600170557	业务资产重组	中国民生投资股份有限公司
600170589	涉嫌违法	京基集团
600170765	债务违约	吉林铁投
600170862	业务资产重组	天威集团
600171029	资金紧张	国寿资产
600171459	股票转让-股权受让	上海游素投资管理有限公司
600171571	实际控制人涉诉仲裁	华天酒店集团股份有限公司
600171571	实际控制人涉诉仲裁	华天实业控股集团有限公司
600171738	业务资产重组	中国结算
600171802	财务信息造假	龙韵股份
600172686	业务资产重组	华大基因
600172762	涉嫌违法	金花股份
600173325	业务资产重组	中国化工
600173325	业务资产重组	中海油
600173325	业务资产重组	万科
600173325	业务资产重组	腾讯
600173325	业务资产重组	安踏
600173325	业务资产重组	海航
600173325	业务资产重组	五矿集团
600173325	业务资产重组	青岛海尔
600173450	实际控制人涉诉仲裁	中捷资源投资股份有限公司
600173450	履行连带担保责任	浙江环洲
600174355	股票转让-股权受让	高林（深圳）资本管理有限公司
600174355	股票转让-股权受让	高林厚健（上海）创业投资合伙企业（有限合伙）
600174355	股票转让-股权受让	上海高林固泰创业投资管理有限公司
600174355	股票转让-股权受让	深圳弘泰资本投资有限公司
600174355	股票转让-股权受让	高林资本管理有限公司
600174404	债务重组	*ST新亿
600174418	业务资产重组	浙江万盛股份有限公司
600174432	债务违约	永泰能源
600174432	履行连带担保责任	永泰集团有限公司
600174459	债务违约	信威集团
600174489	实际控制人涉诉仲裁	抚顺特殊钢股份有限公司
600175046	财务信息造假	毕马威
600175046	财务信息造假	德勤
600175364	资产负面	利源精制
600176752	财务信息造假	湖北中试电力科技股份有限公司
600176775	财务信息造假	欣泰电气
600177358	业务资产重组	深高速
600177368	涉嫌违法	浔兴股份
600177901	资产负面	长生生物
600178101	债务违约	永安期货
600178177	财务信息造假	厦门中毅达环境艺术工程有限公司
600179250	股票转让-股权受让	兴业证券
600179413	履行连带担保责任	北京北大未名生物工程集团有限公司
600179533	实际控制人涉诉仲裁	深圳市佳信捷技术股份有限公司
600179627	债务违约	招商银行
600180777	商业信息泄露	中科英华
600181192	资金紧张	雏鹰
600181212	涉嫌违法	绿能宝
600181274	涉嫌违法	中弘股份
600181548	债务重组	楚昌投资
600181569	业务资产重组	国祯环保
600181795	股票转让-股权受让	铁元投资
600181815	实际控制人变更	昆仑万维
600182439	业务资产重组	拥湾资产
600183417	财务信息造假	鑫山保险代理有限公司
600183593	债务违约	德邦证券
600183870	实际控制人变更	国星光电
600183876	涉嫌违法	合金投资
600184060	股票转让-股权受让	陈永达
600184060	股票转让-股权受让	管子房
600184636	债务违约	东北特钢
600184656	财务信息造假	欣泰电气
600184765	债务违约	康得集团
600185427	财务信息造假	毕马威
600185427	财务信息造假	德勤
600185595	实际控制人涉诉仲裁	中南文化
600185828	业务资产重组	团贷网
600186497	财务信息造假	欣泰电气
600186713	债务重组	中国华融资产管理股份有限公司重庆市分公司
600187049	资金紧张	信永中和
600187452	财务信息造假	柳化股份
600187980	业务资产重组	朝阳昊天
600187998	债务重组	泛海控股
600188054	业务资产重组	ST成城
600188248	债务违约	东北特钢
600188248	债务违约	东北特殊钢
600188946	涉嫌违法	*欣泰
600189415	实际控制人涉诉仲裁	ST保千里
600189882	涉嫌违法	杭锅股份
600190803	业务资产重组	完美环球
600191126	业务资产重组	电建地产
600191171	业务资产重组	ST金路
600192424	资金紧张	华业资本
600192620	业务资产重组	深圳毅能达金融信息股份有限公司
600192890	履行连带担保责任	立信
600194274	涉嫌违法	百货公司
600194325	业务资产重组	斯太尔
600194369	资金紧张	康得投资集团
600195113	业务资产重组	世纪游轮
600195539	业务资产重组	上海莱士
600195952	商业信息泄露	深圳市路畅科技股份有限公司
600196589	债务违约	重庆国际信托有限公司
600196589	债务违约	平安信托有限责任公司
600196726	涉嫌违法	金亚科技
600197077	业务资产重组	中江地产
600197379	涉嫌违法	电影产业促进
600197965	业务资产重组	全国股转公司
600197994	财务信息造假	北银
600198058	业务资产重组	神农基因
600198147	业务资产重组	德新交运
600198147	业务资产重组	昌吉公交
600198187	债务重组	楚昌投资
600198192	资金紧张	河北汇金机电股份有限公司
600198287	债务违约	阳谷农商行
600198612	履行连带担保责任	诺普信
600198825	业务资产重组	首创集团
600198825	业务资产重组	首创股份
600198860	财务信息造假	中弘股份
600199110	财务信息造假	毕马威
600199110	财务信息造假	德勤
600199515	涉嫌违法	宜信财富
600199672	实际控制人变更	沣石恒达
600199672	实际控制人变更	沣能投资
600199804	业务资产重组	宝能系
600199814	投诉维权	康宏财富投资管理公司
600200185	业务资产重组	华泰证券
600200362	业务资产重组	宁夏中银绒业股份有限公司
600200415	债务重组	中弘控股股份有限公司
600200471	债务违约	大唐发电
600200752	涉嫌违法	浙商财险
600201087	涉嫌违法	海联讯
600201433	涉嫌违法	万家文化
600201433	涉嫌违法	龙薇传媒
600202771	债务重组	铁物资
600202935	涉嫌违法	*ST长生
600203539	业务资产重组	汇绿生态科技集团股份有限公司
600203690	资金紧张	奥特迅
600204007	商业信息泄露	国开证券
600204195	财务信息造假	五洋建设
600204221	业务资产重组	新文化
600204221	业务资产重组	美腕科技
600205479	实际控制人变更	杭州天夏
600205905	债务违约	天誉置业（控股）有限公司
600205991	高管负面	中信证券
600206052	涉嫌违法	招行
600206231	债务违约	林氏家族
600206347	实际控制人变更	山东共达电声股份有限公司
600206509	股票转让-股权受让	芯晟租赁
600206634	实际控制人变更	市政集团
600207350	涉嫌违法	ST岩石
600208160	实际控制人涉诉仲裁	力帆控股
600208396	实际控制人变更	格力电器
600208896	股票转让-股权受让	福建
600209023	实际控制人变更	广东正业科技股份有限公司
600209034	债务违约	保定天威
600209315	歇业停业	德邦证券
600209355	实际控制人变更	豫园股份
600210059	涉嫌违法	OKEX数字货币交易所
600210305	股票转让-股权受让	耀能控股
600210305	股票转让-股权受让	KKR
600210439	实际控制人涉诉仲裁	重庆家富健康产业有限公司
600210459	业务资产重组	建峰化工
600210543	资金紧张	东旭光电
600210562	业务资产重组	长江证券
600210718	股票转让-股权受让	沱牌舍得集团
600210986	债务重组	九州通
600210986	债务重组	楚昌投资
600211028	业务资产重组	小康股份
600211312	股票转让-股权受让	云南国际信托有限公司
600211854	股票转让-股权受让	财联社
600212096	履行连带担保责任	st盛润
600212184	业务资产重组	巴士在线
600212332	财务信息造假	普莱德
600212540	歇业停业	新光控股
600213052	业务资产重组	ST凯迪
600213052	歇业停业	ST凯迪
600213323	履行连带担保责任	青海省投资集团
600213717	业务资产重组	交融租赁
600213722	涉嫌违法	宝利国际
600213758	实际控制人涉诉仲裁	斯太尔动力股份有限公司
600214407	财务信息造假	欣泰电气
600214788	业务资产重组	新疆吉创资产管理有限公司
600215321	业务资产重组	中牧股份
600216098	实际控制人涉诉仲裁	神雾集团
600216185	资金紧张	庞大集团
600216410	业务资产重组	宝能系
600216485	业务资产重组	兴业金融租赁公司
600216828	债务违约	稳盈
600217101	业务资产重组	宝塔石化集团有限公司
600217190	业务资产重组	江西华源新材料股份有限公司
600217283	债务违约	招商基金
600217735	债务违约	SPI绿能宝
600218286	债务违约	蓝帆
600218328	实际控制人变更	沈阳市汽车工业资产经营有限公司
600218328	实际控制人变更	金杯汽车股份有限公司
600219112	资产负面	开晓胜先生
600219122	业务资产重组	华资实业
600219582	业务资产重组	江西华源新材料股份有限公司
600219904	实际控制人涉诉仲裁	安信信托股份有限公司
600220191	业务资产重组	红木信托
600220224	业务资产重组	中兴通讯
600220356	业务资产重组	REITs
600220604	债务重组	中弘股份
600220604	债务重组	中弘卓业
600220794	业务资产重组	兴业银行
600220988	业务资产重组	重庆钢铁
600221529	股票转让-股权受让	金万达
600221707	涉嫌违法	网络借贷
600222102	业务资产重组	河南思维自动化设备股份有限公司
600222516	财务信息造假	立信
600222666	涉嫌违法	新疆子公司
600224492	财务信息造假	莱商银行
600224602	业务资产重组	康达尔
600225156	涉嫌非法集资	深大通
600225431	业务资产重组	山鼎设计
600225823	实际控制人变更	长园集团
600225997	涉嫌违法	酒鬼酒
600226028	实际控制人涉诉仲裁	莱茵达
600226379	业务资产重组	舜船
600226857	履行连带担保责任	哈尔滨工大高新技术产业开发股份有限公司
600227495	高管负面	银隆
600227713	业务资产重组	赛特斯
600227969	涉嫌违法	百度百盈
600227994	股票转让-股权受让	拓维信息
600228271	债务违约	*ST印纪
600228466	债务重组	大富配天投资
600228472	业务资产重组	派思股份
600228507	业务资产重组	广州基金
600228558	歇业停业	*ST恒立
600228819	涉嫌非法集资	中债资信
600228884	实际控制人涉诉仲裁	同洲电子
600228977	业务资产重组	瑞幸咖啡
600229612	涉嫌违法	利之星
600229826	履行连带担保责任	焦作中小企业担保投资有限公司
600230058	业务资产重组	中国神华
600230058	业务资产重组	国电电力发展股份有限公司
600230106	业务资产重组	金瑞矿业
600230436	涉嫌违法	武昌鱼
600230509	债务违约	中珠集团
600230937	债务违约	苏州银行
600231069	实际控制人变更	北京君融通达投资管理有限公司
600231109	涉嫌欺诈	中核国财
600231550	实际控制人涉诉仲裁	华塑控股股份有限公司
600231580	履行连带担保责任	北京银行
600231971	股票转让-股权受让	融创
600231971	资金紧张	乐视
600232057	股票转让-股权受让	全通教育
600232297	业务资产重组	ST华菱
600232764	债务重组	大富配天投资
600232944	业务资产重组	ST长油
600233161	涉嫌违法	投服中心
600233491	业务资产重组	携程
600233674	财务信息造假	西部矿业股份有限公司
600233759	涉嫌违法	长春长生生物科技有限责任公司
600234110	实际控制人变更	汇丰国际信托
600234745	商业信息泄露	鹤壁市反光材料有限公司
600234768	实际控制人涉诉仲裁	广东嘉达早教科技股份有限公司
600234850	业务资产重组	欧菲光
600235434	财务信息造假	*ST天宝
600236139	股票转让-股权受让	万丰奥特控股集团有限公司
600236341	涉嫌违法	煌上煌
600236360	涉嫌非法集资	中晋系
600236844	财务信息造假	康美药业
600236870	高管负面	松芝股份
600237136	股票转让-股权受让	中国第一汽车股份有限公司
600237429	财务信息造假	中弘退
600237475	履行连带担保责任	青海省投资集团
600237494	债务违约	华业资本
600237699	涉嫌违法	*ST博元
600238903	债务违约	朗福置业
600239257	交易违规	深股通
600239788	债务违约	沈阳星狮房地产开发公司
600240336	业务资产重组	陕西金叶科教集团股份有限公司
600240374	实际控制人涉诉仲裁	西藏天易隆兴投资有限公司
600240430	业务资产重组	清华控股
600240594	涉嫌欺诈	久其软件
600241050	债务违约	安信信托
600241543	业务资产重组	宏达新材
600241678	财务信息造假	金亚科技
600241876	财务信息造假	莱商银行
600242033	债务违约	安信信托
600242080	履行连带担保责任	华鼎股份
600242080	实际控制人涉诉仲裁	三鼎控股
600242130	业务资产重组	中国东方
600242285	商业信息泄露	挖金客
600242509	业务资产重组	中海油服
600242515	股票转让-股权受让	市北高新
600242702	业务资产重组	中国联通
600242726	股票转让-股权受让	上海雁塔科技
600242726	股票转让-股权受让	雁塔科技
600242741	资产负面	国盛资管
600242741	债务违约	国盛资管
600243164	债务违约	凯迪生态
600243674	财务信息造假	南纺股份
600243964	财务信息造假	尔康制药
600244649	股票转让-股权受让	融创中国
600244797	股票转让-股权受让	三圣特材
600244922	财务信息造假	中毅达
600245270	资金紧张	龙软科技
600245427	财务信息造假	欣泰电气
600245655	商业信息泄露	华住集团
600245865	股票转让-股权受让	格力地产
600246511	股票转让-股权受让	誉衡药业
600246625	业务资产重组	特锐德
600246997	债务违约	中弘股份
600247182	实际控制人涉诉仲裁	东莞市勋达投资管理有限公司
600247236	业务资产重组	澄怀科技
600247763	业务资产重组	上海斐讯数据通信技术有限公司
600248268	实际控制人涉诉仲裁	广厦控股
600248585	实际控制人变更	国旅联合
600248937	股票转让-股权受让	申万秋
600249036	业务资产重组	东方精工
600249113	业务资产重组	牧原股份
600249190	债务违约	金融街
600249537	业务资产重组	神华集团有限责任公司
600249624	债务违约	海外电信运营商
600249631	涉嫌违法	珠海市博元投资股份有限公司
600251085	商业信息泄露	南长安街壹号
600251090	业务资产重组	上海移通
600251600	实际控制人变更	国星光电
600252775	财务信息造假	年富供应链
600253144	债务违约	*ST印纪
600254054	业务资产重组	长江证券
600254089	投诉维权	宁波东
600254384	财务信息造假	五洋建设
600254495	债务违约	天翔环境
600254495	债务重组	九州通
600254495	股票转让-股权受让	华铁科技
600254538	履行连带担保责任	普仁集团
600254553	债务违约	天津市天港建设开发有限公司
600254553	债务违约	天津市天政基础设施建设有限公司
600254632	业务资产重组	永安通鼎
600255011	歇业停业	*ST印纪
600255630	业务资产重组	财信发展
600256317	实际控制人变更	ST新光股份
600256511	债务违约	国泰君安
600256586	涉嫌违法	中珠医疗
600257160	业务资产重组	华联锌铟
600257179	履行连带担保责任	天安财险肇庆中心支公司
600257414	业务资产重组	内江鹏翔
600257439	涉嫌违法	欣泰电气
600258038	债务重组	美好绿建
600258047	债务违约	一汽股份
600258121	股票转让-股权受让	欧神诺
600258532	股票转让-股权受让	ST尤夫
600258647	实际控制人涉诉仲裁	宝塔石化
600259242	涉嫌非法集资	上海融资租赁行业协会
600259330	实际控制人变更	恒泰艾普
600259569	债务违约	安信信托
600259651	履行连带担保责任	金贵银业
600259842	涉嫌违法	赢合科技
600260143	资金紧张	中诚信国际
600260157	财务信息造假	欣泰电气
600260295	涉嫌违法	恒生电子
600260295	涉嫌违法	恒生网络
600260897	股票转让-股权受让	中信证券
600260916	履行连带担保责任	厦门鑫旺经济开发有限公司
600260939	业务资产重组	东方财富证券
600261149	涉嫌违法	招商银行
600261271	实际控制人涉诉仲裁	华平信息技术股份有限公司
600261482	债务违约	ST信通
600261845	资金紧张	乐视网
600262238	资金紧张	GQY视讯
600262295	涉嫌非法集资	e租宝
600262478	债务违约	华融晋商
600262546	商业信息泄露	维维股份
600263395	涉嫌违法	五矿资本
600263592	债务违约	中泰证券
600263883	股票转让-股权受让	拓维信息
600263965	债务违约	光一科技
600264153	业务资产重组	君隆资产
600264153	业务资产重组	神开股份
600264478	履行连带担保责任	泰禾
600264883	涉嫌违法	大洋生物
600265176	债务违约	弘高中太公司
600265614	业务资产重组	积木控股
600265718	财务信息造假	康美药业
600265964	业务资产重组	北京信威科技集团股份有限公司
600266098	业务资产重组	东海证券
600266358	业务资产重组	恒大地产
600266408	业务资产重组	卓成兴业有限公司
600266635	商业信息泄露	杭州远方光电信息股份有限公司
600268084	财务信息造假	天夏智慧
600268353	业务资产重组	泰禾
600268372	业务资产重组	东方联星
600269100	债务违约	云南煤化工集团有限公司
600269575	商业信息泄露	宁波理工监测科技股份有限公司
600269575	商业信息泄露	宁波理工环境能源科技股份有限公司
600269701	财务信息造假	东方精工
600269718	股票转让-股权受让	中南文化
600269885	涉嫌违法	陕西红旗乳业科技有限公司
600270556	实际控制人变更	唐德影视
600270653	实际控制人变更	合力泰
600270946	财务信息造假	皖江物流
600271829	商业信息泄露	国美电器
600272119	财务信息造假	欣泰电气
600272327	股票转让-股权受让	恒大人寿
600272638	涉嫌违法	*ST康得
600272827	债务违约	陕西坚瑞沃能股份有限公司
600272908	债务违约	康得集团
600272981	履行连带担保责任	农业担保公司
600272981	履行连带担保责任	农业担保
600273115	资金紧张	ST长油
600273262	财务信息造假	獐子岛
600273377	业务资产重组	越秀金控
600273377	业务资产重组	穗恒运A
600273626	涉嫌违法	*ST康得
600273820	财务信息造假	天夏智慧
600273922	高管负面	百度
600273966	财务信息造假	泰禾
600273980	业务资产重组	北京信威科技集团股份有限公司
600274345	业务资产重组	红宇新材
600274412	业务资产重组	爱建集团
600274625	业务资产重组	贵州银行
600274686	业务资产重组	国泰君安证券
600274728	业务资产重组	ST德力
600274896	涉嫌传销	克拉币
600274896	涉嫌传销	万福币
600274896	涉嫌传销	马福罗币
600275661	资金紧张	两面针
600275691	财务信息造假	康得集团
600275691	财务信息造假	康得新
600276064	涉嫌违法	中兵红箭
600276306	股票转让-股权受让	保险资产管理公司
600276529	债务违约	中江信托
600276578	业务资产重组	参仙源
600276906	实际控制人变更	岷江水电
600277499	涉嫌违法	欣泰电气
600277558	股票转让-股权受让	金陵控股
600277558	股票转让-股权受让	西藏华富
600277791	业务资产重组	ST宏盛
600278173	履行连带担保责任	中国科技国际信托投资有限责任公司
600278944	商业信息泄露	汇丰银行
600278944	商业信息泄露	华为
600278950	商业信息泄露	广发基金
600279007	实际控制人变更	丽江玉龙旅游股份有限公司
600279252	财务信息造假	宁夏江南集成科技有限公司
600279511	履行连带担保责任	农业担保公司
600279511	履行连带担保责任	农业担保
600280218	债务违约	中航光电科技股份有限公司
600280470	资金紧张	泰禾
600280516	债务违约	乐视网
600280657	履行连带担保责任	广汇集团
600280925	业务资产重组	派思股份
600280951	业务资产重组	乐融致新
600280951	业务资产重组	乐视网
600281181	业务资产重组	平安好医生
600281377	履行连带担保责任	海滨置业
600281545	财务信息造假	康得新
600281634	财务信息造假	广州市依服装有限公司
600281634	财务信息造假	广州市园服装有限公司
600281690	业务资产重组	东方财富
600282915	业务资产重组	西部证券
600283369	履行连带担保责任	湖南千山制药机械股份有限公司
600283433	债务违约	大同证券
600283492	财务信息造假	蓝田股份
600283707	涉嫌欺诈	金亚科技
600284070	履行连带担保责任	农业担保公司
600284070	履行连带担保责任	农业担保
600284356	债务违约	河北国隆房地产开发有限公司
600284665	财务信息造假	獐子岛
600285527	债务违约	华鑫信托
600285550	财务信息造假	参仙源
600285898	股票转让-股权受让	东方能源
600285917	债务违约	三鼎控股
600286228	债务违约	中弘股份
600286782	实际控制人涉诉仲裁	内蒙古远兴能源股份有限公司
600287164	实际控制人涉诉仲裁	天茂实业集团股份有限公司
600287829	业务资产重组	中国中铁
600288187	涉嫌违法	渤海财险涪陵支公司
600288384	业务资产重组	浙富控股集团股份有限公司
600288649	涉嫌违法	华宇公司
600288682	债务违约	三江水电
600288813	股票转让-股权受让	海德股份
600288813	业务资产重组	永泰控股
600288813	业务资产重组	海德资管
600289047	业务资产重组	ST宏盛
600289232	股票转让-股权受让	盈峰控股
600289232	股票转让-股权受让	粤民投
600289232	股票转让-股权受让	绿联君和
600289232	股票转让-股权受让	弘创投资
600289363	业务资产重组	永安行
600289722	实际控制人涉诉仲裁	亿阳集团
600290426	业务资产重组	当代陆玖
600290483	股票转让-股权受让	和襄投资
600290495	业务资产重组	南通锻压设备股份有限公司
600290769	债务重组	信达资产
600290769	债务重组	楚昌投资
600290914	股票转让-股权受让	ST生物
600291263	股票转让-股权受让	百润股份
600291619	股票转让-股权受让	万华化学(匈牙利)控股有限公司
600291718	业务资产重组	深圳南山热电股份有限公司
600291727	实际控制人变更	喜游国旅
600291733	股票转让-股权受让	盈峰控股
600291733	股票转让-股权受让	粤民投
600291733	股票转让-股权受让	绿联君和
600291733	股票转让-股权受让	弘创投资
600291909	业务资产重组	四川浩物机电股份有限公司
600291942	业务资产重组	乐视体育
600292014	实际控制人变更	康恩贝
600292014	股票转让-股权受让	浙江省中医药健康产业集团
600292311	财务信息造假	博元投资
600292861	债务违约	天宝食品
600292887	债务重组	*ST华业
600292900	业务资产重组	天山生物
600293000	财务信息造假	安然公司
600293029	财务信息造假	扬杰科技
600293310	业务资产重组	昆仑万维
600293519	业务资产重组	中青旅控股股份有限公司
600293588	履行连带担保责任	乐视网信息技术（北京）股份有限公司
600293853	股票转让-股权受让	湖南弘德
600293853	实际控制人变更	神农科技
600294381	债务违约	万家文化
600294536	资金紧张	房地产开发
600294625	业务资产重组	宏磊股份
600294639	履行连带担保责任	西部（银川）担保有限公司
600294934	业务资产重组	高银地产
600295096	业务资产重组	久其软件
600295324	业务资产重组	欢瑞世纪
600295474	股票转让-股权受让	上海国盛海通股权投资基金合伙企业(有限合伙)
600296072	债务违约	东北特钢
600296096	业务资产重组	深圳美丽生态股份有限公司
600296520	股票转让-股权受让	中南城投
600297285	涉嫌违法	大洋生物
600297483	股票转让-股权受让	中潜股份
600297609	履行连带担保责任	广州证券
600297609	业务资产重组	广州证券
600297952	商业信息泄露	四川川投能源股份有限公司
600298063	股票转让-股权受让	雪松控股
600298063	债务违约	中江信托
600298080	业务资产重组	海南瑞泽
600298763	债务重组	九州通
600299142	实际控制人变更	东莞宜安科技股份有限公司
600299261	债务违约	淮矿现代物流有限公司
600299336	涉嫌违法	匹凸匹
600299371	商业信息泄露	山东宝莫生物化工股份有限公司
600299860	债务违约	中弘控股股份有限公司
600299880	业务资产重组	中天引控
600300281	涉嫌违法	银川兄弟彩兴化工有限公司
600300721	股票转让-股权受让	中国航空 控股有限责任公司
600300829	涉嫌违法	绩溪
600301278	业务资产重组	国创高新
600301589	财务信息造假	天龙光电
600301716	股票转让-股权受让	盈峰控股
600301716	股票转让-股权受让	粤民投
600301716	股票转让-股权受让	绿联君和
600301716	股票转让-股权受让	弘创投资
600301750	实际控制人涉诉仲裁	金瑞矿业
600301826	实际控制人涉诉仲裁	庞大集团
600301827	债务违约	海通恒信国际租赁有限公司
600302401	业务资产重组	广东骏亚
600302736	实际控制人涉诉仲裁	高升控股股份有限公司
600303035	股票转让-股权受让	携程
600303057	履行连带担保责任	北京顺达创业投资担保有限公司
600304483	股票转让-股权受让	华资实业
600305312	债务违约	鸭哥科技
600305461	债务违约	全国中小企业股份转让
600306144	资产负面	深圳轩鸿
600307124	债务违约	中弘控股股份有限公司
600307138	实际控制人变更	浔兴股份
600307177	履行连带担保责任	浙江步森服饰股份有限公司
600307369	履行连带担保责任	德源投资
600307369	履行连带担保责任	永泰红磡
600307454	涉嫌违法	匹凸匹
600307711	资金紧张	中民投
600307768	财务信息造假	康美药业
600307822	履行连带担保责任	绿地控股集团有限公司
600307949	涉嫌欺诈	迅雷
600308121	财务信息造假	长电科技
600308375	债务重组	九州通
600309090	债务违约	五洋建设
600309331	信批违规	*ST智慧
600309657	债务违约	三江水电
600309843	高管负面	康达尔集团
600310133	业务资产重组	百金交
600310195	业务资产重组	天宜上佳
600310253	资金紧张	华塑控股
600310723	财务信息造假	金亚科技
600310779	涉嫌违法	深圳市中金国瑞基金管理有限公司
600310857	履行连带担保责任	万锦公司
600310887	债务违约	精功集团
600310887	债务违约	精功集团有限公司
600310900	债务重组	九州通
600310958	履行连带担保责任	浙江步森服饰股份有限公司
600310958	债务违约	天马轴承集团股份有限公司
600311544	资金紧张	ST康美
600311594	股票转让-股权受让	瑞东医药基金
600311594	股票转让-股权受让	礼颐医药基金
600311694	涉嫌违法	*ST墨龙
600311706	财务信息造假	九好集团
600311972	实际控制人涉诉仲裁	江苏
600311972	实际控制人涉诉仲裁	保千里视像科技集团股份有限公司
600312531	财务信息造假	康美药业
600312692	实际控制人涉诉仲裁	乐视网信息技术（北京）股份有限公司
600312721	债务重组	*ST坊展
600312814	业务资产重组	西藏珠峰
600313361	业务资产重组	东方园林
600313713	债务违约	海通恒信国际租赁有限公司
600313839	债务重组	信达资产
600313839	债务重组	楚昌投资
600313915	信批违规	*ST博元
600314012	实际控制人涉诉仲裁	铜陵精达特种电磁线股份有限公司
600314082	债务违约	上海鸿仪投资发展有限公司
600314400	涉嫌违法	申华控股
600314530	商业信息泄露	网络借贷信息
600314714	债务重组	信达
600315128	实际控制人涉诉仲裁	浙江步森服饰股份有限公司
600315214	业务资产重组	中信证券
600315384	商业信息泄露	丽珠医药集团股份有限公司
600315522	债务违约	华锐风电
600315789	业务资产重组	ST天化
600316393	业务资产重组	ST金瑞
600316438	业务资产重组	深圳美丽生态股份有限公司
600316689	涉嫌非法集资	金融
600316902	实际控制人涉诉仲裁	元亨利珠宝股份有限公司
600317135	实际控制人涉诉仲裁	铜陵精达特种电磁线股份有限公司
600317399	业务资产重组	新三板
600317677	股票转让-股权受让	融创房地产
600317742	涉嫌违法	中鑫富盈
600317781	财务信息造假	绍兴银行
600318260	业务资产重组	ST华信
600318662	财务信息造假	中联重科
600319293	歇业停业	奥迪威
600319416	财务信息造假	浙金信托
600319553	债务违约	昊天公司
600319668	财务信息造假	康美药业
600319728	业务资产重组	首钢股份
600319926	股票转让-股权受让	盈峰控股
600319926	股票转让-股权受让	粤民投
600319926	股票转让-股权受让	绿联君和
600319926	股票转让-股权受让	弘创投资
600319928	债务违约	康得集团
600320726	业务资产重组	中升控股
600320953	股票转让-股权受让	盈峰控股
600320953	股票转让-股权受让	粤民投
600320953	股票转让-股权受让	绿联君和
600320953	股票转让-股权受让	弘创投资
600321022	涉嫌违法	龙发制药
600321374	实际控制人变更	日照港股份有限公司
600321521	股票转让-股权受让	深圳市金鹏城投资管理有限公司
600321702	业务资产重组	浙富控股集团股份有限公司
600321715	股票转让-股权受让	长安信托
600322036	涉嫌违法	海信科龙
600322157	实际控制人涉诉仲裁	上海山川置业有限公司
600322195	财务信息造假	獐子岛
600322310	资产负面	华信泰
600322970	股票转让-股权受让	江旅集团
600323014	资金紧张	*ST昆机
600323236	股票转让-股权受让	上海国盛海通股权投资基金合伙企业(有限合伙)
600323468	履行连带担保责任	中海信达担保有限公司
600323649	财务信息造假	莱商银行
600324626	实际控制人变更	汇源通信
600324806	业务资产重组	ST沈机
600325109	债务违约	万科A
600325162	履行连带担保责任	中源
600325162	履行连带担保责任	中源协和
600325335	涉嫌违法	恒生网络
600325825	业务资产重组	天泽信息产业股份有限公司
600325985	业务资产重组	越秀金控
600325985	业务资产重组	中信证券
600326064	商业信息泄露	中信证券
600326126	业务资产重组	江海证券
600326217	股票转让-股权受让	正大集团
600326249	债务违约	国泰君安
600326310	股票转让-股权受让	中国中铁
600326344	业务资产重组	摩根士丹利
600326607	债务重组	西藏旅游
600326908	业务资产重组	乐视网
600327920	业务资产重组	杭萧钢构
600328320	债务重组	北方信托
600328431	涉嫌违法	东海证券
600328836	股票转让-股权受让	沈机股份
600329151	债务违约	大富科技
600329576	涉嫌违法	五洋建设
600329901	财务信息造假	ST天成
600330104	实际控制人涉诉仲裁	*云南云维股份有限公司
600330362	债务重组	大富配天投资
600330362	债务重组	大富配天投资有限公司
600330795	涉嫌非法集资	兖矿集团
600330864	股票转让-股权受让	利亚德
600331316	涉嫌违法	光明新区
600331538	实际控制人涉诉仲裁	东方金钰股份有限公司
600331645	业务资产重组	云南旅游
600331686	业务资产重组	乐视体育
600331687	实际控制人变更	顺威股份
600332858	财务信息造假	欣泰电气
600332912	债务违约	沈机集团
600332912	履行连带担保责任	沈机集团
600332986	实际控制人涉诉仲裁	浙江兴润置业投资有限公司
600333545	业务资产重组	越秀金控
600333545	业务资产重组	中信证券
600333585	债务违约	南京丰盛产业控股集团有限公司
600333663	实际控制人变更	北京腾信创新网络营销技术股份有限公司
600333943	涉嫌违法	*ST大控
600334155	业务资产重组	广东宜通世纪科技股份有限公司
600334211	业务资产重组	铜化集团
600334909	业务资产重组	银江股份
600334973	履行连带担保责任	杭州秀山美地农业科技有限公司
600335218	涉嫌违法	江旅集团
600335540	债务违约	山东天圆铜业有限公司
600335540	债务违约	庞大
600335540	股票转让-股权受让	瑞森投资
600335586	业务资产重组	皖江物流
600336016	实际控制人涉诉仲裁	哈尔滨工大高新技术产业开发股份有限公司
600336046	涉嫌违法	匹凸匹
600336436	债务违约	大公国际
600336438	涉嫌违法	深圳聚合创投资产管理有限公司
600336834	债务违约	安信信托
600336834	债务违约	中国民生投资股份有限公司
600336895	资金紧张	雏鹰农牧
600337145	债务违约	中国中铁
600338236	高管负面	上海千年工程投资管理有限公司
600338418	债务违约	安信信托
600338480	实际控制人变更	大连友谊(集团)股份有限公司
600338656	资金紧张	优尼斯装备
600338656	债务违约	中国银行
600338656	债务违约	盛京银行
600338656	债务违约	朝阳银行
600339496	财务信息造假	众应互联
600340463	财务信息造假	康美药业
600340729	债务违约	立信德豪
600340811	财务信息造假	瑞华所
600341042	涉嫌违法	同花顺
600341260	实际控制人涉诉仲裁	徐州科融环境资源股份有限公司
600341768	业务资产重组	上海临港控股股份有限公司
600341853	资金紧张	*ST吉恩
600343423	财务信息造假	*ST索菱
600344016	涉嫌违法	ST天成
600344016	涉嫌违法	天成控股
600344100	业务资产重组	冀东水泥
600344100	业务资产重组	金隅股份
600344134	财务信息造假	中弘股份
600344209	业务资产重组	中核国财
600344633	评级调整	乐视网
600344812	业务资产重组	华泽钴镍
600345066	涉嫌违法	国君
600345199	实际控制人变更	金鹰基金
600345347	涉嫌违法	恒生网络
600345744	履行连带担保责任	st盛润
600345788	业务资产重组	上海临港控股股份有限公司
600345871	履行连带担保责任	仁东控股
600346084	债务违约	中国民生投资股份有限公司
600346173	业务资产重组	华测检测
600346173	业务资产重组	华安检测
600346226	涉嫌违法	张家港渝农商村镇银行
600346255	资金紧张	张雄
600346255	资金紧张	华瑞世纪
600346334	财务信息造假	雪莱特
600346421	业务资产重组	英大证券
600346602	股票转让-股权受让	中国华融资产管理股份有限公司上海自贸试验区分公司
600346852	债务违约	大连机床集团
600347007	实际控制人涉诉仲裁	山东鸿源金属容器科技股份有限公司
600347108	债务重组	*ST华信
600347580	资金紧张	丝路基金
600347854	业务资产重组	龙大肉食
600348617	财务信息造假	五洋建设集团
600348788	债务重组	大富配天投资
600348788	债务重组	大富配天投资有限公司
600348907	股票转让-股权受让	中国华融资产管理股份有限公司上海自贸试验区分公司
600349062	业务资产重组	中国中铁
600349470	涉嫌非法集资	中玺国际
600349643	业务资产重组	交行
600349643	股票转让-股权受让	社保基金会
600350379	业务资产重组	世纪华通
600350829	资金紧张	优尼斯装备
600350829	债务违约	中国银行
600350829	债务违约	盛京银行
600350829	债务违约	朝阳银行
600351824	资金紧张	东芝
600351846	业务资产重组	天茂集团
600351846	业务资产重组	国华人寿
600351872	财务信息造假	中水渔业
600353879	歇业停业	雅捷信息
600354045	业务资产重组	华谊兄弟
600354045	业务资产重组	阿里影业
600354229	涉嫌违法	松芝股份
600354439	债务违约	*ST吉恩
600354466	业务资产重组	京基集团
600354705	业务资产重组	团车网
600354762	业务资产重组	江苏神通
600355034	债务违约	腾邦集团
600356256	涉嫌违法	鲜言
600356389	实际控制人涉诉仲裁	恒康医疗集团股份有限公司
600356503	歇业停业	新疆海龙
600357158	业务资产重组	杭锅股份
600357463	业务资产重组	ST三维
600357469	债务违约	快鹿集团
600357688	业务资产重组	ST金路
600358066	财务信息造假	*ST德力
600358224	债务违约	招商证券股份有限公司
600358468	债务违约	春和集团有限公司
600358558	履行连带担保责任	沈机集团昆明机床股份有限公司
600358941	业务资产重组	中体产业
600359088	商业信息泄露	新城控股
600359099	股票转让-股权受让	中弘股份
600359115	债务违约	华英证券
600359488	履行连带担保责任	泰禾投资
600359968	涉嫌违法	北京金融资产交易所
600360459	股票转让-股权受让	掌趣科技
600360587	业务资产重组	川化股份
600360770	业务资产重组	ST博元
600361037	涉嫌违法	联合放贷
600361224	实际控制人变更	乐视网
600361249	涉嫌违法	融钰集团
600361693	业务资产重组	深圳业际光电有限公司
600362941	履行连带担保责任	运盛（上海）实业股份有限公司
600362941	履行连带担保责任	中福海峡（平潭）发展股份
600363130	业务资产重组	贝莱德
600363301	财务信息造假	欣泰电气
600363350	业务资产重组	金瑞矿业
600363549	债务违约	派思股份
600363667	歇业停业	山西联盛
600363667	债务违约	吉林信托
600364269	财务信息造假	德豪润达
600364296	涉嫌违法	支付宝
600364545	债务违约	大同证券
600364895	业务资产重组	云南旅游
600365089	实际控制人涉诉仲裁	华昌
600365089	实际控制人涉诉仲裁	华昌达智能装备集团股份有限公司
600365381	资金紧张	京能电力
600365843	实际控制人涉诉仲裁	辽宁科隆精细化工股份有限公司
600366643	业务资产重组	金瑞矿业
600366697	财务信息造假	天安人寿
600366957	实际控制人涉诉仲裁	乐视网
600367593	涉嫌违法	中国银行
600367636	资金紧张	ST升达
600368048	业务资产重组	建信福泽安泰
600368231	履行连带担保责任	中超控股
600368272	履行连带担保责任	嵊州市永宇冲片股份有限公司
600368440	业务资产重组	五粮液集团
600368716	涉嫌违法	中晋资产
600369129	实际控制人涉诉仲裁	奥瑞德光电股份有限公司
600369490	债务违约	ST民生
600369575	商业信息泄露	万达集团
600369728	资金紧张	紫鑫药业
600369760	股票转让-股权受让	中源协和
600369840	实际控制人涉诉仲裁	雏鹰农牧集团股份有限公司
600370258	涉嫌违法	融钰集团
600370802	实际控制人变更	平安大华基金管理有限公司
600370938	资金紧张	中弘
600371392	高管负面	新城控股
600372207	债务违约	中弘集团
600372363	实际控制人涉诉仲裁	宜宾市民生冷链股份有限公司
600373195	业务资产重组	三五互联
600373372	股票转让-股权受让	IDG资本
600373935	业务资产重组	我爱我家控股集团股份有限公司
600374068	债务违约	招商证券
600374207	债务违约	中航信托
600374685	业务资产重组	招商证券
600375201	履行连带担保责任	福鼎白茶股份有限公司
600376061	履行连带担保责任	新农开发
600376150	商业信息泄露	全国中小企业股份转让
600376189	业务资产重组	海航控股
600376189	业务资产重组	北部湾航空
600376268	实际控制人变更	万家文化
600376678	业务资产重组	博道基金
600376762	实际控制人变更	中毅达
600377263	债务违约	银河可转债债券型基金
600377439	业务资产重组	天河智造
600377823	财务信息造假	常州市童佳儿童座椅有限公司
600377823	财务信息造假	常州市鼎益
600377823	财务信息造假	江南农商行
600378086	履行连带担保责任	长江交通科技股份有限公司
600378470	债务违约	南京雨润食品有限公司
600378536	业务资产重组	星空电讯科技（北京）股份有限公司
600378613	涉嫌违法	金管家
600379119	债务重组	中信建投证券股份有限公司
600379978	商业信息泄露	恒生网络
600380117	业务资产重组	华安基金
600380210	业务资产重组	合力泰
600380929	涉嫌欺诈	匹凸匹公司
600381065	业务资产重组	ST中发
600381740	业务资产重组	贵州茅台
600381837	涉嫌欺诈	山石观市
600381902	财务信息造假	金王集团
600381902	财务信息造假	成都魔方
600382028	涉嫌违法	秋实弘仕资管
600382028	涉嫌违法	聚合创投
600382107	实际控制人涉诉仲裁	匹凸匹
600382245	业务资产重组	凯撒股份
600382661	债务违约	精功集团有限公司
600382737	涉嫌欺诈	钜富金融集团
600382996	业务资产重组	伯克希尔哈撒韦公司
600383145	实际控制人涉诉仲裁	ST威龙
600383145	股票转让-股权受让	龙口市道恩盛融小额
600383177	债务违约	交行
600384575	涉嫌违法	浙金网
600384583	债务违约	神雾环保技术股份有限公司
600384596	业务资产重组	全国股转公司
600385245	资金紧张	紫鑫药业
600385282	资金紧张	弘阳地产
600385941	商业信息泄露	上海证券通北京分公司
600386155	股票转让-股权受让	南昌产盟投资
600386374	业务资产重组	锡业股份
600386499	涉嫌非法集资	中晋
600386755	业务资产重组	渤海金控
600386893	涉嫌欺诈	上海证券通投资资讯科技北京分公司
600386945	业务资产重组	汤臣倍健
600387404	股票转让-股权受让	久其软件
600387683	业务资产重组	ST恒立
600387913	履行连带担保责任	深圳市康达尔（集团）股份有限公司
600387913	实际控制人涉诉仲裁	深圳市康达尔（集团）股份有限公司
600388169	实际控制人涉诉仲裁	上海宏达矿业股份有限公司
600388208	业务资产重组	深圳华侨城文化旅游科技股份有限公司
600388427	债务重组	楚昌投资
600389006	业务资产重组	新时代证券
600389568	资金紧张	弘阳地产
600389691	实际控制人涉诉仲裁	恒立实业发展集团股份有限公司
600389750	商业信息泄露	深圳市远望谷信息技术股份有限公司
600389750	商业信息泄露	唐山港集团股份有限公司
600389956	资产负面	保千里
600390069	业务资产重组	招商地产
600390248	业务资产重组	上海斐讯
600390522	业务资产重组	万魔声学
600390522	业务资产重组	共达电声
600390688	财务信息造假	中毅达
600390816	业务资产重组	嘉实领航
600391071	涉嫌违法	华泽钴镍
600391358	债务违约	*ST吉恩
600391445	涉嫌违法	光大兴陇信托有限责任公司
600391771	债务重组	武汉公司
600391771	债务重组	信达资产
600391797	债务违约	辉山乳业
600391991	股票转让-股权受让	市城投集团
600391991	股票转让-股权受让	市地产集团
600392135	股票转让-股权受让	华谊兄弟
600392135	股票转让-股权受让	阿里影业
600393562	债务违约	青投集团
600394156	资金紧张	北讯集团
600394562	财务信息造假	康美药业
600395224	实际控制人涉诉仲裁	华平信息技术股份有限公司
600395918	业务资产重组	FOF
600396066	商业信息泄露	ST百特
600396188	业务资产重组	兴业银行
600396188	业务资产重组	招商银行
600396688	债务违约	东北特钢
600396717	实际控制人变更	佳兆业
600397536	涉嫌非法集资	中融金服
600397921	业务资产重组	海航控股
600397921	业务资产重组	乌鲁木齐航空
600397962	债务违约	中泰证券
600398906	债务违约	河北国隆房地产开发有限公司
600398961	债务违约	丹东港集团
600399173	财务信息造假	乐视网
